158,3,-2,192,192,3,40,1
158,3,-2,195,197,3,40,2
158,3,-2,195,198,3,40,3
208,3,-2,317,319,3,42,4
3,58,-2,457,479,210,3,5
3,58,-2,415,431,162,3,6
3,130,-2,482,490,10,148,7
160,3,-2,312,320,10,148,8
12,148,-2,445,448,162,148,9
158,3,-2,312,328,10,148,10
158,3,-2,195,198,3,40,11
12,148,-2,384,390,210,3,12
208,3,-2,243,248,3,40,13
164,148,-2,232,234,210,3,14
3,58,-2,114,116,10,148,15
12,148,-2,456,457,3,42,16
3,58,-2,215,217,162,3,17
3,58,-2,331,336,3,42,18
3,58,-2,215,218,162,3,19
158,3,-2,193,195,3,40,20
160,3,-2,314,315,10,148,21
208,3,-2,797,823,210,3,22
208,3,-2,199,206,162,3,23
12,148,-2,432,433,3,42,24
3,130,-2,375,376,210,3,25
3,58,-2,114,114,10,148,26
160,3,-2,457,470,210,3,27
3,130,-2,178,180,162,148,28
3,130,-2,483,492,3,40,29
3,130,-2,178,186,162,148,30
12,148,-2,444,445,210,3,31
158,3,-2,265,270,210,3,32
3,128,-2,123,130,105,148,33
3,56,-2,213,214,162,3,34
208,3,-2,362,364,10,148,35
3,130,-2,178,185,162,148,36
12,148,-2,716,743,3,40,37
3,58,-2,411,426,162,3,38
3,130,-2,353,368,210,3,39
3,130,-2,303,309,162,3,40
158,3,-2,195,195,3,40,41
3,56,-2,409,410,162,3,42
3,130,-2,1838,1893,10,148,43
3,128,-2,656,668,162,148,44
3,58,-2,265,271,210,3,45
160,3,-2,195,197,3,40,46
3,128,-2,375,376,210,3,47
3,56,-2,308,309,10,148,48
160,3,-2,409,422,105,148,49
158,3,-2,457,473,210,3,50
160,3,-2,258,260,162,148,51
160,3,-2,263,268,210,3,52
160,3,-2,457,466,210,3,53
208,3,-2,497,500,162,3,54
160,3,-2,312,313,10,148,55
160,3,-2,527,560,3,42,56
160,3,-2,312,315,10,148,57
158,3,-2,193,193,3,40,58
208,3,-2,941,972,162,3,59
3,58,-2,199,204,105,148,60
208,3,-2,375,380,3,42,61
12,148,-2,629,640,10,148,62
3,130,-2,303,308,162,3,63
160,3,-2,409,420,162,3,64
3,58,-2,546,567,10,148,65
3,128,-2,681,720,3,40,66
3,58,-2,265,267,210,3,67
164,148,-2,196,196,162,3,68
3,128,-2,180,185,162,148,69
158,3,-2,265,273,210,3,70
3,130,-2,658,706,10,148,71
3,130,-2,447,457,3,42,72
3,58,-2,514,529,10,148,73
12,148,-2,808,848,210,3,74
158,3,-2,265,279,210,3,75
3,58,-2,215,218,162,3,76
160,3,-2,263,270,210,3,77
3,58,-2,508,515,10,148,78
3,128,-2,123,126,105,148,79
3,128,-2,379,384,210,3,80
3,58,-2,331,335,3,42,81
158,3,-2,265,281,210,3,82
208,3,-2,304,309,162,148,83
208,3,-2,477,487,3,40,84
3,56,-2,443,452,162,3,85
208,3,-2,243,243,210,3,86
208,3,-2,551,575,162,3,87
164,148,-2,240,242,210,3,88
12,148,-2,638,653,162,3,89
158,3,-2,312,319,10,148,90
3,58,-2,331,342,3,42,91
158,3,-2,217,217,162,3,92
158,3,-2,1003,1027,3,42,93
3,130,-2,377,385,210,3,94
160,3,-2,215,215,162,3,95
158,3,-2,195,196,3,40,96
160,3,-2,314,318,10,148,97
3,58,-2,511,519,162,3,98
160,3,-2,486,500,162,148,99
3,58,-2,215,222,162,3,100
12,148,-2,522,529,3,40,101
208,3,-2,304,306,162,148,102
3,58,-2,455,459,210,3,103
3,58,-2,114,115,10,148,104
208,3,-2,304,306,162,148,105
164,148,-2,232,234,210,3,106
160,3,-2,215,215,162,3,107
160,3,-2,195,195,3,40,108
160,3,-2,269,270,3,42,109
158,3,-2,205,206,105,148,110
208,3,-2,959,977,162,3,111
3,128,-2,180,182,162,148,112
3,58,-2,507,534,162,3,113
208,3,-2,243,245,3,40,114
3,130,-2,383,389,210,3,115
12,148,-2,312,322,162,3,116
3,58,-2,215,219,162,3,117
208,3,-2,243,245,3,40,118
12,148,-2,386,389,210,3,119
3,130,-2,303,312,162,3,120
208,3,-2,417,419,162,3,121
12,148,-2,384,389,210,3,122
3,58,-2,114,114,10,148,123
3,56,-2,703,727,162,3,124
3,130,-2,178,178,162,148,125
208,3,-2,304,305,162,148,126
164,148,-2,232,238,210,3,127
208,3,-2,497,512,162,3,128
3,130,-2,598,625,162,148,129
3,130,-2,303,308,162,3,130
3,56,-2,258,259,162,148,131
3,58,-2,114,115,10,148,132
160,3,-2,314,314,10,148,133
3,56,-2,527,541,3,42,134
3,130,-2,595,649,162,3,135
3,58,-2,331,345,3,42,136
208,3,-2,362,364,10,148,137
3,130,-2,121,127,105,148,138
160,3,-2,455,472,210,3,139
208,3,-2,665,670,162,3,140
3,58,-2,114,115,10,148,141
12,148,-2,187,187,162,148,142
3,58,-2,265,271,210,3,143
208,3,-2,259,261,162,3,144
3,58,-2,114,115,10,148,145
3,58,-2,221,224,162,3,146
160,3,-2,780,829,10,148,147
208,3,-2,362,362,10,148,148
158,3,-2,724,745,162,148,149
3,130,-2,375,378,210,3,150
3,130,-2,123,123,3,42,151
3,56,-2,308,311,10,148,152
164,148,-2,232,232,210,3,153
160,3,-2,215,218,162,3,154
3,58,-2,928,1040,10,148,155
3,58,-2,681,708,210,3,156
160,3,-2,215,220,162,3,157
158,3,-2,661,671,3,40,158
164,148,-2,232,232,210,3,159
208,3,-2,417,425,162,3,160
3,58,-2,114,114,10,148,161
158,3,-2,265,269,210,3,162
3,58,-2,215,218,162,3,163
3,58,-2,769,839,3,42,164
158,3,-2,509,518,162,3,165
158,3,-2,195,201,3,40,166
3,56,-2,33,34,3,42,167
12,148,-2,384,389,210,3,168
160,3,-2,540,550,10,148,169
208,3,-2,304,309,162,148,170
164,148,-2,196,200,162,3,171
3,130,-2,482,511,10,148,172
160,3,-2,195,199,3,40,173
158,3,-2,193,203,3,40,174
3,130,-2,453,467,3,42,175
3,58,-2,215,217,162,3,176
208,3,-2,304,307,162,148,177
3,130,-2,551,579,3,42,178
160,3,-2,585,589,162,3,179
208,3,-2,497,516,210,3,180
160,3,-2,680,698,162,148,181
208,3,-2,243,246,3,40,182
12,148,-2,605,639,10,148,183
3,128,-2,741,785,3,42,184
158,3,-2,205,216,105,148,185
3,58,-2,215,222,162,3,186
3,130,-2,492,499,10,148,187
208,3,-2,304,313,162,148,188
12,148,-2,130,130,105,148,189
3,128,-2,714,745,10,148,190
3,130,-2,178,185,162,148,191
160,3,-2,195,197,3,40,192
164,148,-2,232,232,210,3,193
3,130,-2,303,307,162,3,194
158,3,-2,312,312,10,148,195
160,3,-2,258,260,162,148,196
3,58,-2,451,455,210,3,197
160,3,-2,263,265,210,3,198
3,58,-2,114,122,10,148,199
3,130,-2,123,127,3,42,200
158,3,-2,312,316,10,148,201
3,130,-2,1476,1552,10,148,202
3,56,-2,33,33,3,42,203
3,58,-2,265,287,210,3,204
3,130,-2,303,311,162,3,205
3,58,-2,306,320,10,148,206
208,3,-2,304,312,162,148,207
3,58,-2,335,353,3,42,208
164,148,-2,232,235,210,3,209
3,56,-2,656,677,10,148,210
160,3,-2,1043,1101,210,3,211
3,58,-2,215,217,162,3,212
158,3,-2,193,210,3,40,213
208,3,-2,362,363,10,148,214
3,58,-2,215,217,162,3,215
158,3,-2,193,209,3,40,216
3,58,-2,993,1035,3,42,217
3,58,-2,215,217,162,3,218
164,148,-2,232,234,210,3,219
160,3,-2,312,324,10,148,220
208,3,-2,457,466,105,148,221
208,3,-2,199,202,162,3,222
158,3,-2,312,316,10,148,223
158,3,-2,195,211,3,40,224
3,56,-2,297,301,162,3,225
3,58,-2,389,398,3,40,226
3,58,-2,453,458,210,3,227
3,130,-2,731,816,162,3,228
3,130,-2,394,432,10,148,229
3,130,-2,436,443,162,148,230
3,58,-2,306,324,10,148,231
3,56,-2,523,528,3,42,232
208,3,-2,307,309,210,3,233
3,56,-2,453,471,210,3,234
12,148,-2,342,344,162,3,235
158,3,-2,405,419,3,42,236
160,3,-2,263,264,210,3,237
3,130,-2,769,887,162,3,238
3,128,-2,1070,1129,10,148,239
3,58,-2,265,275,210,3,240
160,3,-2,314,326,10,148,241
12,148,-2,386,393,210,3,242
160,3,-2,314,327,10,148,243
3,58,-2,415,425,162,3,244
208,3,-2,243,250,3,40,245
208,3,-2,497,543,210,3,246
164,148,-2,232,233,210,3,247
160,3,-2,691,766,210,3,248
12,148,-2,1021,1114,10,148,249
160,3,-2,195,199,3,40,250
164,148,-2,232,232,210,3,251
3,130,-2,353,365,210,3,252
3,56,-2,33,36,3,42,253
158,3,-2,265,265,210,3,254
3,128,-2,301,305,162,3,255
3,58,-2,114,117,10,148,256
208,3,-2,243,249,3,40,257
164,148,-2,232,234,210,3,258
3,128,-2,375,380,210,3,259
160,3,-2,258,281,162,148,260
164,148,-2,232,237,210,3,261
158,3,-2,312,318,10,148,262
160,3,-2,314,326,10,148,263
208,3,-2,417,425,162,3,264
158,3,-2,193,193,3,40,265
3,130,-2,375,388,210,3,266
12,148,-2,130,131,105,148,267
3,58,-2,698,754,162,148,268
160,3,-2,215,219,162,3,269
208,3,-2,547,572,210,3,270
164,148,-2,196,198,162,3,271
160,3,-2,195,196,3,40,272
160,3,-2,263,272,210,3,273
158,3,-2,367,371,162,3,274
3,58,-2,114,117,10,148,275
3,128,-2,537,544,210,3,276
208,3,-2,259,263,162,3,277
3,56,-2,33,33,3,42,278
3,58,-2,491,507,210,3,279
12,148,-2,403,413,10,148,280
3,58,-2,221,229,162,3,281
3,130,-2,375,381,210,3,282
3,56,-2,213,215,162,3,283
3,58,-2,114,121,10,148,284
160,3,-2,195,195,3,40,285
158,3,-2,312,323,10,148,286
164,148,-2,232,245,210,3,287
158,3,-2,312,325,10,148,288
160,3,-2,395,417,105,148,289
160,3,-2,455,468,210,3,290
3,58,-2,215,222,162,3,291
3,130,-2,121,121,105,148,292
208,3,-2,243,246,3,40,293
12,148,-2,348,353,162,3,294
160,3,-2,506,521,10,148,295
160,3,-2,263,270,210,3,296
3,58,-2,215,224,162,3,297
3,58,-2,331,332,3,42,298
3,58,-2,525,537,3,42,299
3,58,-2,843,901,210,3,300
158,3,-2,312,331,10,148,301
164,148,-2,232,240,210,3,302
158,3,-2,193,195,3,40,303
12,148,-2,342,351,162,3,304
3,58,-2,591,599,162,3,305
3,58,-2,306,325,10,148,306
158,3,-2,193,194,3,40,307
208,3,-2,243,253,210,3,308
164,148,-2,486,496,162,3,309
160,3,-2,314,325,10,148,310
3,58,-2,335,341,3,42,311
12,148,-2,384,388,210,3,312
12,148,-2,501,516,10,148,313
3,130,-2,383,396,210,3,314
12,148,-2,342,349,162,3,315
3,58,-2,114,119,10,148,316
164,148,-2,240,254,210,3,317
3,56,-2,33,36,3,42,318
3,58,-2,441,452,162,3,319
3,130,-2,908,988,10,148,320
3,130,-2,353,375,210,3,321
3,58,-2,221,230,162,3,322
160,3,-2,568,585,10,148,323
158,3,-2,567,575,3,42,324
3,58,-2,453,463,210,3,325
3,56,-2,213,227,162,3,326
12,148,-2,130,132,105,148,327
3,130,-2,436,446,162,148,328
3,58,-2,639,673,3,42,329
160,3,-2,523,540,3,42,330
3,58,-2,397,436,210,3,331
160,3,-2,369,376,162,3,332
164,148,-2,232,235,210,3,333
160,3,-2,312,330,10,148,334
208,3,-2,304,311,162,148,335
3,130,-2,123,124,3,42,336
12,148,-2,362,378,210,3,337
12,148,-2,342,352,162,3,338
3,58,-2,114,119,10,148,339
3,130,-2,921,1110,3,42,340
160,3,-2,312,346,10,148,341
208,3,-2,304,310,162,148,342
160,3,-2,457,475,210,3,343
3,58,-2,215,222,162,3,344
208,3,-2,567,583,3,42,345
164,148,-2,232,245,210,3,346
160,3,-2,215,223,162,3,347
3,130,-2,492,506,10,148,348
12,148,-2,187,190,162,148,349
3,58,-2,1140,1304,162,148,350
208,3,-2,304,309,162,148,351
12,148,-2,384,387,210,3,352
208,3,-2,317,324,3,42,353
158,3,-2,681,694,210,3,354
158,3,-2,843,880,162,3,355
158,3,-2,265,277,210,3,356
12,148,-2,604,623,162,3,357
3,130,-2,123,128,3,42,358
3,56,-2,841,891,210,3,359
158,3,-2,312,317,10,148,360
160,3,-2,201,212,105,148,361
12,148,-2,187,190,162,148,362
158,3,-2,195,197,3,40,363
3,56,-2,572,589,10,148,364
12,148,-2,187,188,162,148,365
160,3,-2,312,333,10,148,366
3,58,-2,531,537,3,42,367
208,3,-2,453,484,162,3,368
3,56,-2,308,311,10,148,369
3,130,-2,419,429,3,42,370
3,58,-2,1629,1688,210,3,371
3,58,-2,1579,1614,162,3,372
3,130,-2,121,125,105,148,373
3,128,-2,629,657,162,3,374
3,56,-2,33,35,3,42,375
3,58,-2,453,460,210,3,376
3,130,-2,333,351,162,3,377
158,3,-2,265,278,210,3,378
3,130,-2,309,334,162,3,379
158,3,-2,195,195,3,40,380
208,3,-2,362,367,10,148,381
12,148,-2,445,456,162,148,382
160,3,-2,195,203,3,40,383
208,3,-2,307,313,210,3,384
160,3,-2,215,225,162,3,385
3,128,-2,505,531,3,40,386
208,3,-2,961,979,210,3,387
3,58,-2,649,731,162,3,388
3,58,-2,256,277,162,148,389
160,3,-2,195,205,3,40,390
3,130,-2,447,469,3,42,391
164,148,-2,232,232,210,3,392
158,3,-2,457,462,210,3,393
12,148,-2,501,506,10,148,394
158,3,-2,195,197,3,40,395
3,56,-2,33,33,3,42,396
158,3,-2,510,527,10,148,397
158,3,-2,193,193,3,40,398
12,148,-2,456,479,3,42,399
208,3,-2,418,444,162,3,400
158,3,-2,193,196,3,40,401
208,3,-2,871,905,210,3,402
208,3,-2,362,388,10,148,403
164,148,-2,240,243,210,3,404
3,130,-2,489,516,105,148,405
3,130,-2,492,496,10,148,406
208,3,-2,243,253,3,40,407
160,3,-2,269,276,3,42,408
3,56,-2,213,220,162,3,409
208,3,-2,362,390,10,148,410
3,128,-2,121,125,3,42,411
164,148,-2,196,205,162,3,412
3,130,-2,481,525,210,3,413
3,128,-2,490,513,10,148,414
158,3,-2,195,196,3,40,415
160,3,-2,215,223,162,3,416
3,58,-2,114,114,10,148,417
208,3,-2,457,485,105,148,418
208,3,-2,313,320,3,42,419
3,58,-2,215,225,162,3,420
158,3,-2,1062,1100,10,148,421
12,148,-2,384,395,210,3,422
3,130,-2,375,381,210,3,423
3,58,-2,511,521,162,3,424
158,3,-2,193,195,3,40,425
3,128,-2,749,791,3,42,426
12,148,-2,384,392,210,3,427
164,148,-2,232,236,210,3,428
3,56,-2,308,313,10,148,429
160,3,-2,759,801,3,40,430
164,148,-2,310,340,3,42,431
208,3,-2,307,314,210,3,432
3,58,-2,215,228,162,3,433
160,3,-2,314,324,10,148,434
208,3,-2,417,453,162,3,435
12,148,-2,501,515,10,148,436
158,3,-2,195,195,3,40,437
12,148,-2,518,533,210,3,438
3,58,-2,306,312,10,148,439
12,148,-2,384,390,210,3,440
164,148,-2,232,232,210,3,441
208,3,-2,362,384,10,148,442
160,3,-2,718,720,162,148,443
208,3,-2,243,258,3,40,444
208,3,-2,617,651,3,42,445
3,130,-2,651,743,162,3,446
3,128,-2,123,124,105,148,447
208,3,-2,304,315,162,148,448
160,3,-2,263,276,210,3,449
3,58,-2,215,230,162,3,450
3,130,-2,375,383,210,3,451
158,3,-2,312,313,10,148,452
3,130,-2,121,129,105,148,453
208,3,-2,304,314,162,148,454
3,58,-2,331,362,3,42,455
12,148,-2,384,389,210,3,456
160,3,-2,455,466,210,3,457
3,56,-2,33,36,3,42,458
3,58,-2,114,115,10,148,459
3,56,-2,33,38,3,42,460
3,58,-2,657,700,210,3,461
3,58,-2,215,233,162,3,462
3,58,-2,306,312,10,148,463
3,58,-2,199,210,105,148,464
158,3,-2,195,196,3,40,465
3,56,-2,33,38,3,42,466
208,3,-2,497,501,210,3,467
3,58,-2,215,232,162,3,468
3,56,-2,770,788,10,148,469
208,3,-2,243,252,3,40,470
164,148,-2,232,234,210,3,471
3,58,-2,787,905,162,3,472
3,130,-2,123,139,3,42,473
208,3,-2,243,248,210,3,474
3,58,-2,409,417,162,3,475
160,3,-2,312,335,10,148,476
164,148,-2,232,240,210,3,477
158,3,-2,217,222,162,3,478
208,3,-2,307,312,210,3,479
158,3,-2,395,410,210,3,480
3,130,-2,598,641,162,148,481
3,56,-2,33,35,3,42,482
3,130,-2,303,327,162,3,483
160,3,-2,331,348,3,42,484
12,148,-2,594,640,162,3,485
208,3,-2,362,384,10,148,486
160,3,-2,201,214,105,148,487
158,3,-2,193,193,3,40,488
12,148,-2,384,389,210,3,489
158,3,-2,195,199,3,40,490
160,3,-2,215,220,162,3,491
3,56,-2,308,314,10,148,492
12,148,-2,392,398,210,3,493
3,58,-2,215,231,162,3,494
208,3,-2,362,388,10,148,495
160,3,-2,663,682,210,3,496
3,58,-2,221,233,162,3,497
208,3,-2,243,248,3,40,498
3,58,-2,411,414,162,3,499
208,3,-2,243,250,3,40,500
3,128,-2,479,508,210,3,501
12,148,-2,130,131,105,148,502
158,3,-2,195,202,3,40,503
160,3,-2,455,469,210,3,504
208,3,-2,362,392,10,148,505
160,3,-2,258,279,162,148,506
158,3,-2,195,201,3,40,507
3,56,-2,401,406,3,42,508
158,3,-2,367,370,162,3,509
12,148,-2,810,1028,3,40,510
3,130,-2,303,321,162,3,511
208,3,-2,243,253,3,40,512
160,3,-2,463,472,210,3,513
164,148,-2,232,233,210,3,514
3,58,-2,393,401,210,3,515
160,3,-2,703,750,162,3,516
3,56,-2,308,316,10,148,517
158,3,-2,531,557,3,42,518
3,58,-2,457,471,210,3,519
160,3,-2,215,223,162,3,520
12,148,-2,624,687,3,42,521
3,58,-2,345,363,162,3,522
158,3,-2,427,442,3,40,523
3,130,-2,453,494,3,42,524
12,148,-2,384,392,210,3,525
3,128,-2,307,317,162,3,526
160,3,-2,314,335,10,148,527
3,58,-2,389,401,3,40,528
164,148,-2,402,406,210,3,529
158,3,-2,217,225,162,3,530
3,130,-2,492,524,10,148,531
164,148,-2,232,236,210,3,532
3,58,-2,114,124,10,148,533
12,148,-2,755,916,162,148,534
158,3,-2,193,198,3,40,535
160,3,-2,369,376,162,3,536
3,130,-2,691,807,105,148,537
160,3,-2,263,273,210,3,538
3,56,-2,213,222,162,3,539
3,128,-2,490,508,10,148,540
12,148,-2,516,543,3,40,541
3,130,-2,419,485,3,42,542
164,148,-2,232,241,210,3,543
208,3,-2,1135,1206,210,3,544
3,58,-2,215,219,162,3,545
160,3,-2,312,317,10,148,546
12,148,-2,384,397,210,3,547
3,130,-2,658,691,10,148,548
3,130,-2,121,123,105,148,549
158,3,-2,265,268,210,3,550
3,58,-2,114,124,10,148,551
158,3,-2,527,559,3,42,552
3,58,-2,265,265,210,3,553
3,56,-2,709,733,162,3,554
160,3,-2,314,341,10,148,555
160,3,-2,783,855,210,3,556
3,58,-2,215,217,162,3,557
3,130,-2,375,394,210,3,558
158,3,-2,217,219,162,3,559
3,58,-2,114,123,10,148,560
160,3,-2,215,236,162,3,561
3,58,-2,114,124,10,148,562
3,130,-2,513,540,105,148,563
160,3,-2,312,332,10,148,564
12,148,-2,386,406,210,3,565
208,3,-2,243,244,3,40,566
160,3,-2,409,420,162,3,567
208,3,-2,362,401,10,148,568
158,3,-2,195,206,3,40,569
3,56,-2,33,33,3,42,570
158,3,-2,265,266,210,3,571
208,3,-2,304,324,162,148,572
3,58,-2,221,231,162,3,573
3,128,-2,123,125,105,148,574
208,3,-2,304,330,162,148,575
208,3,-2,497,511,210,3,576
3,56,-2,213,218,162,3,577
12,148,-2,403,434,10,148,578
160,3,-2,258,274,162,148,579
3,58,-2,215,219,162,3,580
3,130,-2,353,379,210,3,581
3,58,-2,114,127,10,148,582
164,148,-2,232,234,210,3,583
3,128,-2,121,128,3,42,584
158,3,-2,217,226,162,3,585
160,3,-2,195,203,3,40,586
3,56,-2,33,36,3,42,587
164,148,-2,232,235,210,3,588
208,3,-2,497,511,162,3,589
160,3,-2,509,547,3,40,590
208,3,-2,199,208,162,3,591
3,58,-2,576,596,10,148,592
208,3,-2,567,605,3,42,593
3,56,-2,753,789,210,3,594
3,58,-2,221,230,162,3,595
3,58,-2,335,352,3,42,596
160,3,-2,680,728,162,148,597
3,58,-2,265,277,210,3,598
3,130,-2,651,762,162,3,599
160,3,-2,706,752,10,148,600
3,130,-2,178,184,162,148,601
208,3,-2,497,525,210,3,602
12,148,-2,585,634,162,148,603
160,3,-2,195,213,3,40,604
164,148,-2,232,233,210,3,605
3,58,-2,114,126,10,148,606
3,58,-2,199,199,105,148,607
164,148,-2,232,234,210,3,608
3,58,-2,114,127,10,148,609
160,3,-2,201,217,105,148,610
158,3,-2,193,195,3,40,611
3,128,-2,377,384,210,3,612
3,56,-2,33,37,3,42,613
3,128,-2,598,623,162,148,614
208,3,-2,243,247,3,40,615
3,130,-2,503,548,3,42,616
3,128,-2,375,389,210,3,617
3,130,-2,655,705,162,3,618
3,58,-2,514,544,10,148,619
164,148,-2,232,237,210,3,620
158,3,-2,205,213,105,148,621
3,130,-2,856,956,10,148,622
12,148,-2,130,130,105,148,623
208,3,-2,788,822,10,148,624
160,3,-2,195,216,3,40,625
160,3,-2,651,687,210,3,626
160,3,-2,314,327,10,148,627
3,56,-2,329,335,3,42,628
164,148,-2,240,255,210,3,629
160,3,-2,449,468,162,3,630
3,130,-2,492,542,10,148,631
160,3,-2,195,218,3,40,632
164,148,-2,232,235,210,3,633
3,130,-2,303,317,162,3,634
12,148,-2,633,690,10,148,635
164,148,-2,232,236,210,3,636
3,56,-2,213,215,162,3,637
160,3,-2,201,219,105,148,638
208,3,-2,304,335,162,148,639
164,148,-2,232,239,210,3,640
3,58,-2,215,220,162,3,641
164,148,-2,232,240,210,3,642
158,3,-2,312,321,10,148,643
208,3,-2,720,751,162,148,644
158,3,-2,265,278,210,3,645
158,3,-2,367,374,162,3,646
3,130,-2,914,979,10,148,647
158,3,-2,193,207,3,40,648
158,3,-2,265,279,210,3,649
3,130,-2,492,540,10,148,650
160,3,-2,389,415,3,40,651
12,148,-2,392,397,210,3,652
3,58,-2,215,217,162,3,653
208,3,-2,304,348,162,148,654
208,3,-2,243,263,3,40,655
160,3,-2,453,466,210,3,656
158,3,-2,312,321,10,148,657
160,3,-2,195,218,3,40,658
3,128,-2,379,403,210,3,659
160,3,-2,215,232,162,3,660
160,3,-2,312,322,10,148,661
12,148,-2,130,133,105,148,662
164,148,-2,196,207,162,3,663
208,3,-2,243,269,3,40,664
3,128,-2,375,403,210,3,665
3,130,-2,123,124,3,42,666
3,130,-2,303,324,162,3,667
158,3,-2,195,199,3,40,668
3,58,-2,437,480,210,3,669
160,3,-2,314,328,10,148,670
3,56,-2,572,614,10,148,671
164,148,-2,463,476,162,148,672
3,130,-2,394,432,10,148,673
160,3,-2,258,274,162,148,674
158,3,-2,193,204,3,40,675
12,148,-2,132,136,3,42,676
164,148,-2,232,238,210,3,677
208,3,-2,362,381,10,148,678
208,3,-2,304,340,162,148,679
12,148,-2,748,975,210,3,680
160,3,-2,215,236,162,3,681
3,130,-2,287,310,105,148,682
12,148,-2,187,201,162,148,683
3,130,-2,853,1037,3,40,684
3,130,-2,419,453,3,42,685
3,130,-2,333,341,162,3,686
3,58,-2,114,121,10,148,687
3,130,-2,436,471,162,148,688
3,58,-2,655,735,210,3,689
3,130,-2,383,402,210,3,690
3,58,-2,114,128,10,148,691
3,56,-2,201,207,105,148,692
158,3,-2,195,202,3,40,693
160,3,-2,449,494,162,3,694
160,3,-2,455,499,210,3,695
12,148,-2,882,1073,162,3,696
3,128,-2,490,506,10,148,697
3,130,-2,121,127,105,148,698
158,3,-2,265,274,210,3,699
3,130,-2,711,890,3,40,700
164,148,-2,232,233,210,3,701
158,3,-2,367,378,162,3,702
12,148,-2,501,552,10,148,703
3,58,-2,265,277,210,3,704
3,58,-2,215,222,162,3,705
208,3,-2,362,375,10,148,706
3,130,-2,435,472,210,3,707
3,58,-2,215,223,162,3,708
164,148,-2,232,232,210,3,709
3,58,-2,488,523,162,148,710
3,58,-2,265,278,210,3,711
3,58,-2,215,234,162,3,712
3,58,-2,215,235,162,3,713
3,58,-2,114,130,10,148,714
3,56,-2,457,463,210,3,715
158,3,-2,413,437,162,3,716
3,130,-2,447,473,3,42,717
3,130,-2,333,354,162,3,718
3,56,-2,213,215,162,3,719
3,128,-2,956,1016,10,148,720
160,3,-2,195,203,3,40,721
3,58,-2,215,233,162,3,722
3,128,-2,679,720,210,3,723
3,130,-2,303,333,162,3,724
160,3,-2,527,580,3,42,725
3,58,-2,712,774,10,148,726
208,3,-2,304,336,162,148,727
160,3,-2,457,522,210,3,728
160,3,-2,195,215,3,40,729
160,3,-2,263,271,210,3,730
164,148,-2,232,233,210,3,731
3,128,-2,180,182,162,148,732
160,3,-2,779,838,3,42,733
208,3,-2,307,336,210,3,734
160,3,-2,449,491,162,3,735
3,56,-2,33,41,3,42,736
158,3,-2,217,225,162,3,737
208,3,-2,362,367,10,148,738
3,130,-2,121,128,105,148,739
208,3,-2,243,255,3,40,740
3,130,-2,303,341,162,3,741
208,3,-2,243,257,3,40,742
208,3,-2,685,726,210,3,743
3,56,-2,541,588,162,3,744
160,3,-2,201,217,105,148,745
208,3,-2,243,270,210,3,746
158,3,-2,265,275,210,3,747
3,130,-2,309,349,162,3,748
3,58,-2,265,274,210,3,749
208,3,-2,824,860,10,148,750
158,3,-2,193,195,3,40,751
3,130,-2,123,144,3,42,752
12,148,-2,384,397,210,3,753
3,128,-2,123,126,105,148,754
164,148,-2,232,233,210,3,755
158,3,-2,367,374,162,3,756
12,148,-2,501,542,10,148,757
208,3,-2,243,262,3,40,758
3,56,-2,213,225,162,3,759
3,130,-2,383,407,210,3,760
3,56,-2,213,226,162,3,761
3,130,-2,852,894,162,148,762
160,3,-2,565,591,3,42,763
3,56,-2,1925,1997,162,3,764
160,3,-2,572,614,10,148,765
3,56,-2,409,417,162,3,766
158,3,-2,659,684,210,3,767
164,148,-2,232,232,210,3,768
208,3,-2,259,293,162,3,769
3,58,-2,721,836,3,42,770
3,58,-2,453,479,210,3,771
208,3,-2,304,329,162,148,772
3,130,-2,303,339,162,3,773
158,3,-2,312,331,10,148,774
158,3,-2,193,193,3,40,775
158,3,-2,265,280,210,3,776
208,3,-2,362,372,10,148,777
3,128,-2,445,470,3,42,778
3,58,-2,453,477,210,3,779
3,58,-2,511,556,162,3,780
3,56,-2,213,220,162,3,781
160,3,-2,314,321,10,148,782
208,3,-2,705,773,3,42,783
3,130,-2,375,398,210,3,784
208,3,-2,588,617,10,148,785
208,3,-2,497,520,210,3,786
3,56,-2,213,223,162,3,787
3,58,-2,306,319,10,148,788
158,3,-2,488,501,162,148,789
3,128,-2,121,130,3,42,790
160,3,-2,699,720,162,3,791
3,56,-2,258,260,162,148,792
12,148,-2,348,368,162,3,793
160,3,-2,312,326,10,148,794
164,148,-2,232,234,210,3,795
3,128,-2,490,507,10,148,796
3,130,-2,121,130,105,148,797
12,148,-2,187,189,162,148,798
3,128,-2,375,395,210,3,799
3,58,-2,659,708,162,3,800
160,3,-2,915,987,210,3,801
12,148,-2,342,363,162,3,802
12,148,-2,132,146,3,42,803
3,128,-2,335,354,162,3,804
3,58,-2,657,740,210,3,805
3,130,-2,121,128,105,148,806
3,130,-2,383,416,210,3,807
12,148,-2,187,191,162,148,808
208,3,-2,952,1026,10,148,809
208,3,-2,243,276,3,40,810
3,56,-2,213,218,162,3,811
3,128,-2,392,406,10,148,812
3,128,-2,509,532,3,40,813
3,128,-2,377,391,210,3,814
158,3,-2,217,225,162,3,815
160,3,-2,718,744,162,148,816
12,148,-2,386,411,210,3,817
160,3,-2,709,765,162,3,818
3,56,-2,33,33,3,42,819
208,3,-2,497,523,210,3,820
3,56,-2,213,220,162,3,821
208,3,-2,455,476,3,42,822
158,3,-2,459,479,210,3,823
208,3,-2,626,655,162,148,824
208,3,-2,375,385,210,3,825
160,3,-2,1006,1072,10,148,826
158,3,-2,195,195,3,40,827
12,148,-2,432,462,3,42,828
208,3,-2,963,1027,210,3,829
3,130,-2,1029,1117,105,148,830
3,56,-2,258,265,162,148,831
3,56,-2,413,423,162,3,832
3,56,-2,213,215,162,3,833
164,148,-2,232,236,210,3,834
208,3,-2,641,702,162,3,835
3,130,-2,353,384,210,3,836
12,148,-2,342,375,162,3,837
160,3,-2,312,314,10,148,838
208,3,-2,243,273,3,40,839
3,130,-2,383,405,210,3,840
3,130,-2,303,333,162,3,841
164,148,-2,232,236,210,3,842
158,3,-2,575,610,162,3,843
12,148,-2,486,590,3,40,844
160,3,-2,215,225,162,3,845
208,3,-2,304,306,162,148,846
3,58,-2,335,344,3,42,847
3,58,-2,114,115,10,148,848
3,130,-2,419,453,3,42,849
160,3,-2,453,493,210,3,850
3,58,-2,591,663,162,3,851
208,3,-2,243,275,3,40,852
3,130,-2,509,529,210,3,853
3,130,-2,303,331,162,3,854
12,148,-2,187,188,162,148,855
3,128,-2,379,391,210,3,856
160,3,-2,312,322,10,148,857
158,3,-2,195,195,3,40,858
3,130,-2,515,618,210,3,859
160,3,-2,527,581,3,42,860
12,148,-2,396,404,162,3,861
208,3,-2,863,869,3,42,862
208,3,-2,612,634,10,148,863
3,58,-2,387,426,162,3,864
3,130,-2,353,381,210,3,865
12,148,-2,445,488,162,148,866
12,148,-2,462,516,3,42,867
164,148,-2,232,233,210,3,868
3,130,-2,1022,1046,10,148,869
3,130,-2,375,397,210,3,870
3,58,-2,453,488,210,3,871
208,3,-2,793,826,162,3,872
208,3,-2,746,767,10,148,873
3,130,-2,309,336,162,3,874
208,3,-2,243,273,3,40,875
3,56,-2,455,474,210,3,876
3,130,-2,954,988,10,148,877
3,130,-2,121,138,105,148,878
3,130,-2,375,401,210,3,879
3,130,-2,303,336,162,3,880
208,3,-2,243,265,210,3,881
3,56,-2,213,221,162,3,882
3,58,-2,114,116,10,148,883
208,3,-2,304,308,162,148,884
3,56,-2,213,224,162,3,885
3,58,-2,215,218,162,3,886
3,130,-2,375,405,210,3,887
158,3,-2,312,318,10,148,888
3,130,-2,377,451,210,3,889
12,148,-2,501,537,10,148,890
208,3,-2,304,306,162,148,891
160,3,-2,195,210,3,40,892
3,130,-2,123,141,3,42,893
164,148,-2,232,232,210,3,894
158,3,-2,333,347,3,42,895
3,58,-2,221,244,162,3,896
160,3,-2,568,602,10,148,897
3,128,-2,121,133,3,42,898
12,148,-2,608,800,162,3,899
12,148,-2,130,135,105,148,900
3,58,-2,215,233,162,3,901
160,3,-2,490,540,162,148,902
208,3,-2,243,265,3,40,903
3,58,-2,457,507,210,3,904
3,128,-2,335,356,162,3,905
164,148,-2,232,232,210,3,906
158,3,-2,262,269,162,148,907
3,58,-2,845,1034,210,3,908
3,58,-2,511,565,162,3,909
208,3,-2,362,383,10,148,910
160,3,-2,703,811,3,42,911
160,3,-2,369,411,162,3,912
160,3,-2,312,314,10,148,913
158,3,-2,333,353,3,42,914
164,148,-2,232,232,210,3,915
160,3,-2,314,324,10,148,916
3,56,-2,33,38,3,42,917
158,3,-2,459,469,210,3,918
3,58,-2,488,519,162,148,919
208,3,-2,567,586,3,42,920
158,3,-2,217,221,162,3,921
160,3,-2,312,314,10,148,922
3,56,-2,676,714,162,148,923
164,148,-2,232,234,210,3,924
160,3,-2,215,219,162,3,925
3,130,-2,483,590,105,148,926
160,3,-2,195,202,3,40,927
3,56,-2,568,581,10,148,928
3,58,-2,265,267,210,3,929
3,58,-2,735,961,162,3,930
208,3,-2,304,316,162,148,931
3,128,-2,379,420,210,3,932
3,128,-2,301,314,162,3,933
160,3,-2,572,612,10,148,934
158,3,-2,195,195,3,40,935
208,3,-2,243,258,3,40,936
3,58,-2,453,503,210,3,937
208,3,-2,551,566,162,3,938
12,148,-2,615,688,162,148,939
164,148,-2,372,390,210,3,940
208,3,-2,362,390,10,148,941
3,128,-2,123,124,105,148,942
164,148,-2,232,234,210,3,943
208,3,-2,861,959,210,3,944
208,3,-2,362,388,10,148,945
160,3,-2,201,218,105,148,946
160,3,-2,195,201,3,40,947
3,58,-2,215,230,162,3,948
3,130,-2,121,132,105,148,949
158,3,-2,217,237,162,3,950
160,3,-2,314,329,10,148,951
208,3,-2,259,266,162,3,952
3,58,-2,389,438,3,40,953
208,3,-2,549,572,210,3,954
160,3,-2,1519,1622,162,3,955
160,3,-2,215,222,162,3,956
160,3,-2,314,347,10,148,957
3,56,-2,213,219,162,3,958
160,3,-2,314,358,10,148,959
12,148,-2,312,326,162,3,960
164,148,-2,240,243,210,3,961
12,148,-2,312,331,162,3,962
160,3,-2,455,471,210,3,963
160,3,-2,409,442,162,3,964
208,3,-2,243,246,3,40,965
208,3,-2,313,329,3,42,966
158,3,-2,661,692,210,3,967
208,3,-2,373,396,3,40,968
3,58,-2,451,492,210,3,969
208,3,-2,317,346,3,42,970
3,130,-2,447,468,3,42,971
3,58,-2,215,218,162,3,972
12,148,-2,673,718,10,148,973
3,130,-2,333,393,162,3,974
12,148,-2,501,580,10,148,975
3,130,-2,123,123,3,42,976
12,148,-2,384,411,210,3,977
3,128,-2,449,484,3,42,978
208,3,-2,304,316,162,148,979
158,3,-2,195,202,3,40,980
3,58,-2,114,119,10,148,981
158,3,-2,193,193,3,40,982
164,148,-2,232,233,210,3,983
3,130,-2,375,403,210,3,984
3,130,-2,394,481,10,148,985
208,3,-2,199,222,162,3,986
3,58,-2,114,121,10,148,987
160,3,-2,258,266,162,148,988
160,3,-2,195,198,3,40,989
3,58,-2,114,120,10,148,990
12,148,-2,386,438,210,3,991
3,130,-2,303,336,162,3,992
158,3,-2,195,208,3,40,993
3,56,-2,213,216,162,3,994
3,130,-2,123,145,3,42,995
158,3,-2,267,305,3,42,996
208,3,-2,243,256,210,3,997
3,130,-2,843,973,162,3,998
3,58,-2,693,770,3,42,999
208,3,-2,243,250,3,40,1000
3,56,-2,652,697,10,148,1001
158,3,-2,1069,1102,162,3,1002
160,3,-2,312,330,10,148,1003
208,3,-2,945,1010,3,42,1004
158,3,-2,265,270,210,3,1005
3,130,-2,394,490,10,148,1006
3,58,-2,114,121,10,148,1007
208,3,-2,549,579,210,3,1008
3,58,-2,256,278,162,148,1009
3,58,-2,723,793,3,42,1010
12,148,-2,632,677,162,3,1011
158,3,-2,265,282,210,3,1012
3,58,-2,331,363,3,42,1013
158,3,-2,367,379,162,3,1014
208,3,-2,307,326,210,3,1015
208,3,-2,489,544,162,3,1016
160,3,-2,314,365,10,148,1017
208,3,-2,304,324,162,148,1018
3,130,-2,123,145,3,42,1019
160,3,-2,413,444,162,3,1020
3,58,-2,507,579,162,3,1021
3,56,-2,33,38,3,42,1022
160,3,-2,663,708,210,3,1023
12,148,-2,353,393,162,148,1024
158,3,-2,217,228,162,3,1025
208,3,-2,243,243,3,40,1026
3,58,-2,265,287,210,3,1027
3,56,-2,33,37,3,42,1028
208,3,-2,307,324,210,3,1029
3,128,-2,490,504,10,148,1030
158,3,-2,193,206,3,40,1031
3,130,-2,375,417,210,3,1032
12,148,-2,546,653,162,3,1033
208,3,-2,304,325,162,148,1034
3,130,-2,309,339,162,3,1035
3,130,-2,123,143,3,42,1036
3,130,-2,857,898,162,3,1037
160,3,-2,314,364,10,148,1038
208,3,-2,243,250,3,40,1039
3,56,-2,463,472,210,3,1040
3,58,-2,215,222,162,3,1041
12,148,-2,384,425,210,3,1042
3,130,-2,333,384,162,3,1043
160,3,-2,312,335,10,148,1044
158,3,-2,193,201,3,40,1045
3,58,-2,306,311,10,148,1046
3,130,-2,121,140,105,148,1047
160,3,-2,1047,1087,210,3,1048
158,3,-2,411,438,162,3,1049
3,130,-2,121,141,105,148,1050
12,148,-2,384,431,210,3,1051
3,56,-2,401,421,3,42,1052
208,3,-2,307,344,210,3,1053
3,58,-2,221,227,162,3,1054
3,58,-2,514,640,10,148,1055
3,56,-2,213,217,162,3,1056
3,58,-2,896,1059,10,148,1057
208,3,-2,243,252,3,40,1058
12,148,-2,384,429,210,3,1059
3,130,-2,121,143,105,148,1060
208,3,-2,304,330,162,148,1061
3,130,-2,353,432,210,3,1062
3,58,-2,827,935,162,3,1063
12,148,-2,392,429,210,3,1064
3,58,-2,215,220,162,3,1065
3,58,-2,331,369,3,42,1066
164,148,-2,232,232,210,3,1067
208,3,-2,362,376,10,148,1068
3,130,-2,178,220,162,148,1069
160,3,-2,263,282,210,3,1070
158,3,-2,193,193,3,40,1071
3,56,-2,33,42,3,42,1072
164,148,-2,232,232,210,3,1073
3,56,-2,33,48,3,42,1074
3,128,-2,351,444,210,3,1075
3,130,-2,363,456,3,40,1076
3,130,-2,839,997,3,42,1077
164,148,-2,232,234,210,3,1078
158,3,-2,193,193,3,40,1079
12,148,-2,392,428,210,3,1080
208,3,-2,243,245,3,40,1081
3,130,-2,913,977,3,42,1082
3,58,-2,221,233,162,3,1083
3,56,-2,308,321,10,148,1084
158,3,-2,488,499,162,148,1085
160,3,-2,457,502,210,3,1086
164,148,-2,232,233,210,3,1087
208,3,-2,768,798,162,148,1088
3,130,-2,541,748,210,3,1089
158,3,-2,262,274,162,148,1090
164,148,-2,232,234,210,3,1091
3,130,-2,309,355,162,3,1092
3,130,-2,419,518,3,42,1093
3,130,-2,541,764,210,3,1094
3,130,-2,492,563,10,148,1095
160,3,-2,581,651,210,3,1096
3,58,-2,215,230,162,3,1097
208,3,-2,612,627,10,148,1098
160,3,-2,331,362,3,42,1099
158,3,-2,195,199,3,40,1100
12,148,-2,384,422,210,3,1101
3,130,-2,375,393,210,3,1102
3,58,-2,215,247,162,3,1103
160,3,-2,312,334,10,148,1104
208,3,-2,362,383,10,148,1105
3,130,-2,375,395,210,3,1106
3,56,-2,33,42,3,42,1107
3,130,-2,123,138,3,42,1108
3,130,-2,333,371,162,3,1109
208,3,-2,362,381,10,148,1110
160,3,-2,263,310,210,3,1111
208,3,-2,304,323,162,148,1112
12,148,-2,187,196,162,148,1113
208,3,-2,243,260,3,40,1114
12,148,-2,550,755,210,3,1115
12,148,-2,132,147,3,42,1116
3,58,-2,463,579,210,3,1117
3,130,-2,121,138,105,148,1118
208,3,-2,635,683,162,3,1119
158,3,-2,312,315,10,148,1120
158,3,-2,217,231,162,3,1121
158,3,-2,193,195,3,40,1122
3,56,-2,33,38,3,42,1123
164,148,-2,232,233,210,3,1124
3,58,-2,215,242,162,3,1125
208,3,-2,743,806,162,3,1126
158,3,-2,1125,1271,162,3,1127
12,148,-2,501,551,10,148,1128
3,130,-2,375,396,210,3,1129
12,148,-2,312,370,162,3,1130
158,3,-2,265,276,210,3,1131
3,128,-2,632,675,10,148,1132
12,148,-2,384,408,210,3,1133
3,58,-2,508,621,10,148,1134
3,130,-2,121,129,105,148,1135
160,3,-2,455,485,210,3,1136
3,130,-2,303,381,162,3,1137
160,3,-2,314,349,10,148,1138
3,130,-2,492,554,10,148,1139
208,3,-2,304,314,162,148,1140
208,3,-2,243,261,3,40,1141
3,56,-2,523,538,3,42,1142
3,56,-2,213,225,162,3,1143
160,3,-2,455,493,210,3,1144
3,130,-2,121,132,105,148,1145
160,3,-2,195,201,3,40,1146
3,56,-2,33,36,3,42,1147
160,3,-2,215,219,162,3,1148
3,58,-2,256,280,162,148,1149
164,148,-2,232,233,210,3,1150
3,130,-2,178,188,162,148,1151
3,56,-2,308,324,10,148,1152
160,3,-2,195,204,3,40,1153
12,148,-2,456,526,3,42,1154
160,3,-2,312,334,10,148,1155
208,3,-2,243,270,3,40,1156
208,3,-2,243,267,210,3,1157
3,130,-2,303,401,162,3,1158
158,3,-2,195,197,3,40,1159
158,3,-2,367,375,162,3,1160
158,3,-2,195,198,3,40,1161
164,148,-2,310,322,3,42,1162
3,128,-2,379,398,210,3,1163
158,3,-2,193,204,3,40,1164
3,58,-2,503,611,3,42,1165
12,148,-2,187,201,162,148,1166
208,3,-2,243,275,3,40,1167
3,130,-2,377,443,210,3,1168
160,3,-2,1015,1237,162,3,1169
3,58,-2,256,294,162,148,1170
160,3,-2,314,337,10,148,1171
3,130,-2,419,547,3,42,1172
164,148,-2,240,254,210,3,1173
160,3,-2,314,339,10,148,1174
208,3,-2,243,274,3,40,1175
3,58,-2,215,220,162,3,1176
12,148,-2,491,640,10,148,1177
12,148,-2,386,462,210,3,1178
208,3,-2,362,370,10,148,1179
208,3,-2,243,275,3,40,1180
3,130,-2,375,423,210,3,1181
12,148,-2,386,462,210,3,1182
12,148,-2,187,197,162,148,1183
3,128,-2,180,193,162,148,1184
208,3,-2,313,333,3,42,1185
164,148,-2,232,237,210,3,1186
3,58,-2,215,228,162,3,1187
3,130,-2,394,513,10,148,1188
208,3,-2,304,322,162,148,1189
208,3,-2,313,332,3,42,1190
3,58,-2,393,435,210,3,1191
208,3,-2,243,273,3,40,1192
160,3,-2,661,701,210,3,1193
3,58,-2,395,437,3,40,1194
3,130,-2,333,384,162,3,1195
12,148,-2,673,714,10,148,1196
160,3,-2,512,543,162,148,1197
164,148,-2,232,242,210,3,1198
3,56,-2,534,578,10,148,1199
3,130,-2,178,197,162,148,1200
164,148,-2,232,246,210,3,1201
208,3,-2,720,767,162,148,1202
3,128,-2,445,466,3,42,1203
3,58,-2,335,382,3,42,1204
3,58,-2,215,232,162,3,1205
208,3,-2,588,617,10,148,1206
3,58,-2,256,299,162,148,1207
3,56,-2,455,498,210,3,1208
158,3,-2,367,381,162,3,1209
3,128,-2,1266,1278,10,148,1210
160,3,-2,775,838,3,42,1211
3,130,-2,541,737,210,3,1212
208,3,-2,549,569,210,3,1213
3,130,-2,121,148,105,148,1214
3,56,-2,33,39,3,42,1215
3,58,-2,221,271,162,3,1216
158,3,-2,312,329,10,148,1217
158,3,-2,195,200,3,40,1218
3,56,-2,453,475,210,3,1219
158,3,-2,681,709,162,3,1220
3,130,-2,482,662,10,148,1221
158,3,-2,669,731,210,3,1222
3,130,-2,339,385,162,3,1223
160,3,-2,540,608,10,148,1224
160,3,-2,201,230,105,148,1225
164,148,-2,196,212,162,3,1226
208,3,-2,307,319,210,3,1227
3,128,-2,597,794,162,3,1228
160,3,-2,710,768,162,148,1229
160,3,-2,195,209,3,40,1230
3,58,-2,215,238,162,3,1231
208,3,-2,307,322,210,3,1232
3,58,-2,215,243,162,3,1233
158,3,-2,195,203,3,40,1234
3,128,-2,656,677,10,148,1235
208,3,-2,304,323,162,148,1236
164,148,-2,232,234,210,3,1237
208,3,-2,362,372,10,148,1238
158,3,-2,488,518,162,148,1239
158,3,-2,195,205,3,40,1240
3,130,-2,123,178,3,42,1241
3,130,-2,353,446,210,3,1242
3,58,-2,710,769,10,148,1243
208,3,-2,304,325,162,148,1244
3,130,-2,509,583,210,3,1245
164,148,-2,310,319,3,42,1246
160,3,-2,457,499,210,3,1247
3,58,-2,407,446,162,3,1248
3,130,-2,375,445,210,3,1249
3,58,-2,215,256,162,3,1250
3,58,-2,818,896,10,148,1251
158,3,-2,195,201,3,40,1252
3,58,-2,265,306,210,3,1253
12,148,-2,312,389,162,3,1254
160,3,-2,314,345,10,148,1255
3,128,-2,475,678,3,40,1256
12,148,-2,362,461,210,3,1257
3,56,-2,213,215,162,3,1258
164,148,-2,232,235,210,3,1259
208,3,-2,417,444,162,3,1260
3,128,-2,180,186,162,148,1261
208,3,-2,243,252,3,40,1262
160,3,-2,331,361,3,42,1263
160,3,-2,883,1068,162,3,1264
3,130,-2,435,581,210,3,1265
3,58,-2,215,253,162,3,1266
208,3,-2,243,262,3,40,1267
3,58,-2,511,612,162,3,1268
3,58,-2,389,442,3,40,1269
12,148,-2,132,143,3,42,1270
3,58,-2,653,744,210,3,1271
3,58,-2,114,129,10,148,1272
3,56,-2,201,215,105,148,1273
12,148,-2,132,146,3,42,1274
3,130,-2,599,794,162,3,1275
3,130,-2,629,698,162,3,1276
3,56,-2,201,215,105,148,1277
208,3,-2,304,316,162,148,1278
3,128,-2,392,554,10,148,1279
160,3,-2,201,247,105,148,1280
3,58,-2,1573,1638,162,3,1281
3,58,-2,114,149,10,148,1282
3,58,-2,265,303,210,3,1283
158,3,-2,312,333,10,148,1284
12,148,-2,692,751,3,40,1285
208,3,-2,243,255,3,40,1286
164,148,-2,310,329,3,42,1287
160,3,-2,709,815,162,3,1288
3,58,-2,306,356,10,148,1289
160,3,-2,331,360,3,42,1290
158,3,-2,265,282,210,3,1291
3,130,-2,854,1037,10,148,1292
3,128,-2,455,497,3,42,1293
160,3,-2,449,492,162,3,1294
164,148,-2,232,232,210,3,1295
3,58,-2,265,306,210,3,1296
12,148,-2,312,397,162,3,1297
12,148,-2,445,506,162,148,1298
12,148,-2,312,423,162,3,1299
160,3,-2,314,366,10,148,1300
164,148,-2,240,251,210,3,1301
158,3,-2,217,239,162,3,1302
160,3,-2,195,216,3,40,1303
208,3,-2,729,793,3,42,1304
3,130,-2,375,445,210,3,1305
3,128,-2,543,721,210,3,1306
3,56,-2,213,232,162,3,1307
158,3,-2,312,338,10,148,1308
12,148,-2,130,138,105,148,1309
158,3,-2,195,203,3,40,1310
160,3,-2,263,276,210,3,1311
160,3,-2,314,365,10,148,1312
160,3,-2,195,214,3,40,1313
208,3,-2,307,325,210,3,1314
3,56,-2,213,232,162,3,1315
3,130,-2,529,708,162,3,1316
3,58,-2,114,150,10,148,1317
160,3,-2,720,779,162,148,1318
160,3,-2,878,1054,10,148,1319
3,130,-2,303,417,162,3,1320
158,3,-2,205,209,105,148,1321
158,3,-2,459,475,210,3,1322
3,130,-2,303,390,162,3,1323
3,58,-2,306,354,10,148,1324
208,3,-2,362,409,10,148,1325
164,148,-2,232,232,210,3,1326
3,58,-2,215,264,162,3,1327
3,56,-2,455,476,210,3,1328
3,56,-2,213,242,162,3,1329
158,3,-2,312,355,10,148,1330
3,58,-2,453,510,210,3,1331
158,3,-2,367,382,162,3,1332
3,58,-2,306,378,10,148,1333
158,3,-2,417,464,162,3,1334
160,3,-2,314,364,10,148,1335
158,3,-2,193,193,3,40,1336
3,56,-2,455,495,210,3,1337
158,3,-2,572,626,10,148,1338
160,3,-2,258,274,162,148,1339
160,3,-2,455,493,210,3,1340
164,148,-2,232,234,210,3,1341
3,130,-2,492,540,10,148,1342
12,148,-2,386,440,210,3,1343
3,130,-2,423,642,3,42,1344
208,3,-2,417,456,162,3,1345
3,130,-2,492,549,10,148,1346
164,148,-2,463,468,162,148,1347
3,130,-2,309,449,162,3,1348
160,3,-2,263,270,210,3,1349
164,148,-2,232,233,210,3,1350
158,3,-2,464,474,162,148,1351
164,148,-2,232,234,210,3,1352
3,128,-2,301,402,162,3,1353
160,3,-2,195,228,3,40,1354
3,58,-2,265,301,210,3,1355
3,130,-2,309,447,162,3,1356
208,3,-2,497,506,210,3,1357
208,3,-2,489,531,162,3,1358
3,58,-2,657,810,210,3,1359
3,56,-2,527,555,162,3,1360
208,3,-2,304,306,162,148,1361
3,130,-2,477,688,3,40,1362
208,3,-2,307,327,210,3,1363
158,3,-2,195,197,3,40,1364
12,148,-2,187,223,162,148,1365
208,3,-2,307,326,210,3,1366
160,3,-2,215,249,162,3,1367
160,3,-2,457,494,210,3,1368
208,3,-2,199,204,162,3,1369
160,3,-2,263,272,210,3,1370
3,56,-2,213,223,162,3,1371
3,58,-2,265,305,210,3,1372
3,58,-2,335,417,3,42,1373
164,148,-2,232,232,210,3,1374
3,58,-2,114,126,10,148,1375
3,130,-2,353,498,210,3,1376
3,130,-2,303,440,162,3,1377
12,148,-2,130,143,105,148,1378
164,148,-2,232,232,210,3,1379
3,58,-2,335,417,3,42,1380
164,148,-2,232,235,210,3,1381
160,3,-2,499,587,210,3,1382
3,56,-2,213,233,162,3,1383
160,3,-2,568,621,10,148,1384
3,130,-2,377,456,210,3,1385
160,3,-2,195,212,3,40,1386
3,130,-2,178,224,162,148,1387
3,130,-2,353,529,210,3,1388
3,130,-2,375,455,210,3,1389
3,58,-2,215,251,162,3,1390
208,3,-2,243,254,3,40,1391
158,3,-2,265,290,210,3,1392
12,148,-2,342,401,162,3,1393
3,58,-2,114,120,10,148,1394
160,3,-2,195,218,3,40,1395
164,148,-2,232,236,210,3,1396
158,3,-2,312,329,10,148,1397
164,148,-2,196,215,162,3,1398
3,58,-2,215,257,162,3,1399
3,58,-2,306,351,10,148,1400
208,3,-2,617,746,3,42,1401
3,128,-2,331,377,162,3,1402
208,3,-2,839,890,210,3,1403
158,3,-2,217,230,162,3,1404
158,3,-2,195,195,3,40,1405
3,58,-2,335,434,3,42,1406
3,58,-2,265,310,210,3,1407
12,148,-2,312,420,162,3,1408
3,58,-2,114,117,10,148,1409
208,3,-2,304,312,162,148,1410
12,148,-2,312,420,162,3,1411
3,130,-2,606,651,162,148,1412
208,3,-2,375,420,3,42,1413
164,148,-2,232,232,210,3,1414
164,148,-2,390,418,162,3,1415
208,3,-2,243,248,3,40,1416
12,148,-2,362,537,210,3,1417
208,3,-2,304,308,162,148,1418
160,3,-2,263,288,210,3,1419
160,3,-2,314,342,10,148,1420
12,148,-2,486,690,3,40,1421
3,130,-2,303,444,162,3,1422
3,130,-2,363,474,3,40,1423
3,58,-2,507,718,3,42,1424
3,56,-2,455,490,210,3,1425
3,130,-2,492,537,10,148,1426
208,3,-2,417,430,162,3,1427
208,3,-2,362,387,10,148,1428
3,58,-2,209,228,105,148,1429
208,3,-2,243,250,3,40,1430
160,3,-2,663,734,210,3,1431
158,3,-2,710,760,10,148,1432
3,130,-2,123,164,3,42,1433
3,58,-2,457,565,210,3,1434
158,3,-2,367,373,162,3,1435
3,56,-2,587,642,3,40,1436
3,130,-2,375,445,210,3,1437
158,3,-2,367,374,162,3,1438
12,148,-2,312,411,162,3,1439
160,3,-2,738,796,10,148,1440
3,56,-2,33,42,3,42,1441
3,58,-2,455,515,210,3,1442
3,130,-2,303,412,162,3,1443
3,58,-2,331,406,3,42,1444
3,58,-2,461,534,210,3,1445
208,3,-2,747,820,162,3,1446
208,3,-2,304,324,162,148,1447
3,56,-2,453,474,210,3,1448
3,58,-2,215,258,162,3,1449
164,148,-2,232,237,210,3,1450
3,56,-2,213,235,162,3,1451
158,3,-2,265,272,210,3,1452
164,148,-2,232,238,210,3,1453
208,3,-2,375,410,3,42,1454
3,58,-2,453,508,210,3,1455
12,148,-2,312,467,162,3,1456
3,58,-2,335,421,3,42,1457
208,3,-2,417,431,162,3,1458
164,148,-2,232,240,210,3,1459
158,3,-2,217,234,162,3,1460
3,58,-2,265,314,210,3,1461
12,148,-2,312,495,162,3,1462
158,3,-2,195,205,3,40,1463
158,3,-2,265,274,210,3,1464
158,3,-2,195,205,3,40,1465
3,130,-2,677,755,210,3,1466
160,3,-2,215,247,162,3,1467
158,3,-2,743,765,162,3,1468
3,56,-2,33,36,3,42,1469
160,3,-2,263,286,210,3,1470
160,3,-2,195,201,3,40,1471
3,56,-2,213,225,162,3,1472
160,3,-2,312,329,10,148,1473
3,58,-2,531,604,3,42,1474
208,3,-2,417,431,162,3,1475
3,128,-2,494,547,10,148,1476
3,58,-2,265,325,210,3,1477
160,3,-2,1181,1320,3,42,1478
208,3,-2,307,336,210,3,1479
3,130,-2,349,568,3,42,1480
208,3,-2,497,511,210,3,1481
3,58,-2,1091,1272,162,3,1482
3,130,-2,377,433,210,3,1483
12,148,-2,663,759,10,148,1484
3,58,-2,451,513,210,3,1485
3,130,-2,123,154,3,42,1486
3,130,-2,377,432,210,3,1487
3,130,-2,303,414,162,3,1488
208,3,-2,362,390,10,148,1489
158,3,-2,265,274,210,3,1490
3,56,-2,213,224,162,3,1491
3,58,-2,114,132,10,148,1492
164,148,-2,232,235,210,3,1493
160,3,-2,312,330,10,148,1494
3,130,-2,123,153,3,42,1495
208,3,-2,1299,1453,162,3,1496
3,130,-2,492,569,10,148,1497
208,3,-2,304,331,162,148,1498
164,148,-2,232,235,210,3,1499
3,58,-2,567,686,3,40,1500
158,3,-2,193,193,3,40,1501
164,148,-2,232,237,210,3,1502
208,3,-2,304,331,162,148,1503
3,58,-2,221,265,162,3,1504
3,58,-2,525,635,3,42,1505
208,3,-2,417,432,162,3,1506
3,56,-2,843,994,3,40,1507
3,130,-2,333,410,162,3,1508
12,148,-2,312,415,162,3,1509
3,130,-2,1678,1726,10,148,1510
3,56,-2,258,277,162,148,1511
158,3,-2,193,197,3,40,1512
3,58,-2,306,351,10,148,1513
3,56,-2,631,838,210,3,1514
3,58,-2,114,138,10,148,1515
158,3,-2,193,199,3,40,1516
164,148,-2,310,359,3,42,1517
3,58,-2,114,150,10,148,1518
3,56,-2,33,39,3,42,1519
208,3,-2,243,261,210,3,1520
160,3,-2,195,209,3,40,1521
3,58,-2,114,152,10,148,1522
3,128,-2,627,654,210,3,1523
208,3,-2,243,260,3,40,1524
3,130,-2,546,710,162,148,1525
3,130,-2,375,413,210,3,1526
3,130,-2,419,603,3,42,1527
3,58,-2,265,320,210,3,1528
3,58,-2,114,150,10,148,1529
3,128,-2,377,416,210,3,1530
3,58,-2,114,161,10,148,1531
208,3,-2,709,786,210,3,1532
208,3,-2,569,630,105,148,1533
208,3,-2,304,327,162,148,1534
3,58,-2,453,498,210,3,1535
3,58,-2,215,253,162,3,1536
208,3,-2,243,255,3,40,1537
160,3,-2,589,666,210,3,1538
3,128,-2,335,376,162,3,1539
3,128,-2,490,531,10,148,1540
12,148,-2,187,215,162,148,1541
3,58,-2,689,805,105,148,1542
3,58,-2,335,429,3,42,1543
208,3,-2,719,801,210,3,1544
208,3,-2,304,324,162,148,1545
3,130,-2,303,495,162,3,1546
208,3,-2,243,255,3,40,1547
3,130,-2,629,667,210,3,1548
158,3,-2,459,493,210,3,1549
3,58,-2,638,789,10,148,1550
164,148,-2,232,234,210,3,1551
3,56,-2,213,219,162,3,1552
3,58,-2,674,769,162,148,1553
158,3,-2,193,197,3,40,1554
3,130,-2,375,414,210,3,1555
3,56,-2,33,33,3,42,1556
158,3,-2,333,350,3,42,1557
160,3,-2,587,659,3,40,1558
160,3,-2,263,296,210,3,1559
12,148,-2,753,787,10,148,1560
158,3,-2,509,527,162,3,1561
3,130,-2,178,200,162,148,1562
3,130,-2,1031,1040,3,42,1563
3,58,-2,215,266,162,3,1564
3,58,-2,114,135,10,148,1565
12,148,-2,187,210,162,148,1566
208,3,-2,243,268,210,3,1567
3,56,-2,33,37,3,42,1568
3,56,-2,308,326,10,148,1569
3,58,-2,395,496,3,40,1570
3,130,-2,123,229,3,42,1571
3,58,-2,453,515,210,3,1572
208,3,-2,417,426,162,3,1573
208,3,-2,304,329,162,148,1574
12,148,-2,456,511,3,42,1575
160,3,-2,919,952,210,3,1576
3,128,-2,377,438,210,3,1577
3,128,-2,335,376,162,3,1578
3,58,-2,331,403,3,42,1579
3,58,-2,453,533,210,3,1580
3,58,-2,306,368,10,148,1581
3,58,-2,395,551,105,148,1582
3,58,-2,531,583,3,42,1583
164,148,-2,232,233,210,3,1584
158,3,-2,367,374,162,3,1585
3,56,-2,33,36,3,42,1586
158,3,-2,531,585,3,42,1587
158,3,-2,217,227,162,3,1588
164,148,-2,240,245,210,3,1589
3,130,-2,303,482,162,3,1590
3,130,-2,375,401,210,3,1591
12,148,-2,392,423,210,3,1592
3,58,-2,215,264,162,3,1593
158,3,-2,391,432,3,40,1594
158,3,-2,265,275,210,3,1595
3,130,-2,303,532,162,3,1596
160,3,-2,314,348,10,148,1597
12,148,-2,187,223,162,148,1598
12,148,-2,392,433,210,3,1599
158,3,-2,217,234,162,3,1600
160,3,-2,331,367,3,42,1601
3,58,-2,511,670,162,3,1602
160,3,-2,314,351,10,148,1603
3,130,-2,377,411,210,3,1604
158,3,-2,312,318,10,148,1605
12,148,-2,384,405,210,3,1606
3,58,-2,507,641,162,3,1607
160,3,-2,201,230,105,148,1608
3,130,-2,178,224,162,148,1609
164,148,-2,232,233,210,3,1610
3,128,-2,301,478,162,3,1611
3,130,-2,383,428,210,3,1612
160,3,-2,195,218,3,40,1613
3,58,-2,215,260,162,3,1614
160,3,-2,312,322,10,148,1615
3,56,-2,33,35,3,42,1616
3,58,-2,451,520,210,3,1617
3,128,-2,123,145,105,148,1618
12,148,-2,187,249,162,148,1619
3,130,-2,477,642,3,40,1620
3,58,-2,199,246,105,148,1621
160,3,-2,201,239,105,148,1622
3,56,-2,33,38,3,42,1623
160,3,-2,263,294,210,3,1624
160,3,-2,314,349,10,148,1625
3,130,-2,178,241,162,148,1626
158,3,-2,265,286,210,3,1627
160,3,-2,314,348,10,148,1628
160,3,-2,878,917,162,148,1629
164,148,-2,232,232,210,3,1630
3,130,-2,303,499,162,3,1631
208,3,-2,567,645,3,42,1632
3,56,-2,387,407,3,40,1633
164,148,-2,232,235,210,3,1634
208,3,-2,362,376,10,148,1635
12,148,-2,187,244,162,148,1636
158,3,-2,391,450,3,40,1637
3,58,-2,393,496,210,3,1638
208,3,-2,362,383,10,148,1639
164,148,-2,240,246,210,3,1640
3,58,-2,221,305,162,3,1641
12,148,-2,403,573,10,148,1642
3,128,-2,583,751,3,42,1643
3,58,-2,973,1002,210,3,1644
3,58,-2,215,265,162,3,1645
208,3,-2,243,267,3,40,1646
3,58,-2,207,295,3,42,1647
3,130,-2,387,555,162,3,1648
3,58,-2,114,141,10,148,1649
160,3,-2,269,290,3,42,1650
12,148,-2,518,553,210,3,1651
160,3,-2,314,352,10,148,1652
3,128,-2,180,200,162,148,1653
3,58,-2,265,336,210,3,1654
160,3,-2,409,496,162,3,1655
3,58,-2,306,360,10,148,1656
158,3,-2,367,384,162,3,1657
164,148,-2,232,237,210,3,1658
158,3,-2,509,524,162,3,1659
3,130,-2,123,194,3,42,1660
12,148,-2,386,426,210,3,1661
3,128,-2,180,201,162,148,1662
164,148,-2,240,242,210,3,1663
3,58,-2,215,269,162,3,1664
158,3,-2,312,329,10,148,1665
3,130,-2,121,150,105,148,1666
158,3,-2,367,391,162,3,1667
160,3,-2,201,233,105,148,1668
3,58,-2,331,449,3,42,1669
208,3,-2,307,326,210,3,1670
3,58,-2,221,311,162,3,1671
160,3,-2,314,363,10,148,1672
164,148,-2,232,235,210,3,1673
3,58,-2,507,643,162,3,1674
208,3,-2,362,380,10,148,1675
3,130,-2,178,256,162,148,1676
3,58,-2,265,328,210,3,1677
208,3,-2,824,852,10,148,1678
12,148,-2,132,192,3,42,1679
3,58,-2,417,489,162,3,1680
3,58,-2,114,140,10,148,1681
208,3,-2,612,664,10,148,1682
208,3,-2,304,315,162,148,1683
12,148,-2,692,705,3,40,1684
208,3,-2,631,705,210,3,1685
160,3,-2,314,367,10,148,1686
208,3,-2,304,316,162,148,1687
3,58,-2,221,314,162,3,1688
3,56,-2,403,423,105,148,1689
158,3,-2,729,788,3,42,1690
160,3,-2,215,252,162,3,1691
3,56,-2,33,35,3,42,1692
164,148,-2,232,240,210,3,1693
3,58,-2,114,135,10,148,1694
208,3,-2,695,759,210,3,1695
160,3,-2,457,510,210,3,1696
164,148,-2,486,498,162,3,1697
3,56,-2,213,229,162,3,1698
3,130,-2,121,153,105,148,1699
208,3,-2,243,264,3,40,1700
160,3,-2,409,480,162,3,1701
12,148,-2,296,507,105,148,1702
3,128,-2,379,393,210,3,1703
12,148,-2,492,670,105,148,1704
160,3,-2,709,725,162,3,1705
164,148,-2,232,235,210,3,1706
3,58,-2,221,307,162,3,1707
160,3,-2,501,532,210,3,1708
158,3,-2,778,814,10,148,1709
160,3,-2,215,246,162,3,1710
164,148,-2,232,235,210,3,1711
160,3,-2,449,558,162,3,1712
3,58,-2,389,514,3,40,1713
3,58,-2,265,325,210,3,1714
3,56,-2,818,837,10,148,1715
160,3,-2,201,235,105,148,1716
3,130,-2,123,199,3,42,1717
3,58,-2,256,310,162,148,1718
12,148,-2,462,526,3,42,1719
208,3,-2,362,379,10,148,1720
3,58,-2,441,524,162,3,1721
3,58,-2,453,514,210,3,1722
3,58,-2,114,125,10,148,1723
3,130,-2,121,167,105,148,1724
208,3,-2,243,265,210,3,1725
3,56,-2,603,647,162,3,1726
3,58,-2,306,366,10,148,1727
164,148,-2,196,223,162,3,1728
3,56,-2,308,348,10,148,1729
158,3,-2,193,195,3,40,1730
12,148,-2,132,209,3,42,1731
158,3,-2,312,342,10,148,1732
160,3,-2,201,232,105,148,1733
158,3,-2,193,194,3,40,1734
158,3,-2,217,232,162,3,1735
12,148,-2,130,186,105,148,1736
160,3,-2,649,680,210,3,1737
12,148,-2,130,186,105,148,1738
208,3,-2,243,277,3,40,1739
164,148,-2,232,238,210,3,1740
160,3,-2,314,362,10,148,1741
3,56,-2,201,227,105,148,1742
164,148,-2,232,239,210,3,1743
3,58,-2,306,362,10,148,1744
160,3,-2,195,213,3,40,1745
3,58,-2,265,331,210,3,1746
3,58,-2,215,301,162,3,1747
12,148,-2,386,424,210,3,1748
3,58,-2,265,332,210,3,1749
208,3,-2,417,429,162,3,1750
3,130,-2,178,249,162,148,1751
3,130,-2,599,727,162,3,1752
160,3,-2,215,243,162,3,1753
3,56,-2,33,41,3,42,1754
12,148,-2,384,423,210,3,1755
3,56,-2,443,468,162,3,1756
3,56,-2,263,321,3,42,1757
164,148,-2,372,395,210,3,1758
3,56,-2,213,229,162,3,1759
208,3,-2,652,708,10,148,1760
3,58,-2,723,766,3,42,1761
3,58,-2,649,741,210,3,1762
3,128,-2,301,463,162,3,1763
160,3,-2,1264,1313,10,148,1764
160,3,-2,955,987,162,3,1765
12,148,-2,312,481,162,3,1766
160,3,-2,314,378,10,148,1767
3,58,-2,415,571,162,3,1768
158,3,-2,312,341,10,148,1769
158,3,-2,333,360,3,42,1770
160,3,-2,263,295,210,3,1771
158,3,-2,312,342,10,148,1772
164,148,-2,232,235,210,3,1773
158,3,-2,367,401,162,3,1774
3,58,-2,389,508,3,40,1775
3,58,-2,331,416,3,42,1776
208,3,-2,199,241,162,3,1777
208,3,-2,307,325,210,3,1778
208,3,-2,375,390,3,42,1779
208,3,-2,417,456,162,3,1780
12,148,-2,130,184,105,148,1781
208,3,-2,304,315,162,148,1782
3,58,-2,393,516,210,3,1783
3,58,-2,215,292,162,3,1784
160,3,-2,312,354,10,148,1785
3,130,-2,121,179,105,148,1786
3,58,-2,265,336,210,3,1787
3,58,-2,453,526,210,3,1788
3,128,-2,301,454,162,3,1789
3,58,-2,389,509,3,40,1790
158,3,-2,265,285,210,3,1791
208,3,-2,417,453,162,3,1792
3,56,-2,308,321,10,148,1793
12,148,-2,386,428,210,3,1794
3,56,-2,213,268,162,3,1795
3,130,-2,333,412,162,3,1796
208,3,-2,243,256,3,40,1797
160,3,-2,457,519,210,3,1798
164,148,-2,665,692,10,148,1799
160,3,-2,453,508,210,3,1800
208,3,-2,497,596,162,3,1801
3,56,-2,308,324,10,148,1802
158,3,-2,193,204,3,40,1803
3,56,-2,33,53,3,42,1804
3,58,-2,256,310,162,148,1805
12,148,-2,187,237,162,148,1806
12,148,-2,462,506,3,42,1807
164,148,-2,232,233,210,3,1808
208,3,-2,199,243,162,3,1809
164,148,-2,232,236,210,3,1810
3,58,-2,306,359,10,148,1811
158,3,-2,262,284,162,148,1812
160,3,-2,195,204,3,40,1813
3,58,-2,265,340,210,3,1814
158,3,-2,510,546,10,148,1815
3,130,-2,453,497,3,42,1816
3,130,-2,856,868,10,148,1817
160,3,-2,457,510,210,3,1818
158,3,-2,488,516,162,148,1819
208,3,-2,313,330,3,42,1820
12,148,-2,740,818,162,3,1821
158,3,-2,312,340,10,148,1822
158,3,-2,454,499,162,148,1823
158,3,-2,193,195,3,40,1824
12,148,-2,432,550,3,42,1825
3,58,-2,114,119,10,148,1826
3,58,-2,221,306,162,3,1827
3,128,-2,449,481,3,42,1828
158,3,-2,265,285,210,3,1829
12,148,-2,132,235,3,42,1830
3,56,-2,568,579,10,148,1831
208,3,-2,243,253,3,40,1832
208,3,-2,243,254,3,40,1833
3,128,-2,123,133,105,148,1834
158,3,-2,195,200,3,40,1835
3,58,-2,265,339,210,3,1836
3,130,-2,303,471,162,3,1837
160,3,-2,314,354,10,148,1838
3,58,-2,986,991,10,148,1839
158,3,-2,703,720,162,3,1840
160,3,-2,314,367,10,148,1841
12,148,-2,386,406,210,3,1842
12,148,-2,312,481,162,3,1843
208,3,-2,243,260,3,40,1844
3,58,-2,511,627,162,3,1845
3,130,-2,353,503,210,3,1846
160,3,-2,195,202,3,40,1847
158,3,-2,265,288,210,3,1848
3,56,-2,201,212,105,148,1849
3,56,-2,33,41,3,42,1850
3,58,-2,707,731,210,3,1851
12,148,-2,187,240,162,148,1852
158,3,-2,195,199,3,40,1853
3,58,-2,265,352,210,3,1854
3,58,-2,507,620,162,3,1855
208,3,-2,552,620,10,148,1856
208,3,-2,1199,1210,162,3,1857
3,58,-2,796,806,10,148,1858
164,148,-2,232,232,210,3,1859
208,3,-2,960,986,162,148,1860
3,58,-2,114,121,10,148,1861
208,3,-2,243,254,210,3,1862
160,3,-2,972,1100,10,148,1863
160,3,-2,956,997,162,148,1864
3,130,-2,349,498,3,42,1865
3,130,-2,303,492,162,3,1866
12,148,-2,130,175,105,148,1867
12,148,-2,445,480,162,148,1868
3,58,-2,389,511,3,40,1869
3,56,-2,214,255,162,3,1870
160,3,-2,312,341,10,148,1871
208,3,-2,803,815,3,40,1872
208,3,-2,304,319,162,148,1873
208,3,-2,417,458,162,3,1874
3,58,-2,465,582,3,42,1875
3,130,-2,303,461,162,3,1876
164,148,-2,232,233,210,3,1877
3,58,-2,215,299,162,3,1878
158,3,-2,333,352,3,42,1879
3,58,-2,265,357,210,3,1880
3,58,-2,389,520,3,40,1881
3,128,-2,494,512,10,148,1882
12,148,-2,132,244,3,42,1883
3,128,-2,490,507,10,148,1884
158,3,-2,195,198,3,40,1885
3,128,-2,1063,1144,162,3,1886
160,3,-2,639,655,105,148,1887
3,130,-2,178,230,162,148,1888
3,130,-2,597,628,3,40,1889
3,56,-2,33,39,3,42,1890
3,58,-2,451,537,210,3,1891
160,3,-2,841,989,162,3,1892
160,3,-2,314,350,10,148,1893
208,3,-2,304,315,162,148,1894
3,130,-2,353,503,210,3,1895
158,3,-2,217,241,162,3,1896
3,58,-2,928,972,10,148,1897
160,3,-2,533,565,3,42,1898
164,148,-2,232,235,210,3,1899
208,3,-2,362,380,10,148,1900
208,3,-2,304,314,162,148,1901
12,148,-2,456,483,3,42,1902
160,3,-2,508,548,10,148,1903
164,148,-2,232,234,210,3,1904
12,148,-2,342,384,162,3,1905
3,56,-2,33,35,3,42,1906
164,148,-2,232,234,210,3,1907
208,3,-2,417,464,162,3,1908
158,3,-2,312,333,10,148,1909
3,130,-2,339,394,162,3,1910
3,128,-2,375,397,210,3,1911
160,3,-2,215,239,162,3,1912
208,3,-2,313,321,3,42,1913
3,58,-2,265,357,210,3,1914
3,56,-2,447,462,162,3,1915
3,130,-2,375,402,210,3,1916
3,58,-2,306,358,10,148,1917
164,148,-2,232,234,210,3,1918
3,58,-2,712,726,162,148,1919
3,130,-2,123,241,3,42,1920
12,148,-2,516,537,3,40,1921
12,148,-2,384,414,210,3,1922
160,3,-2,409,475,162,3,1923
3,58,-2,491,640,210,3,1924
3,58,-2,114,119,10,148,1925
158,3,-2,195,196,3,40,1926
160,3,-2,657,680,210,3,1927
160,3,-2,312,329,10,148,1928
3,130,-2,121,177,105,148,1929
208,3,-2,243,249,3,40,1930
12,148,-2,348,398,162,3,1931
164,148,-2,232,237,210,3,1932
12,148,-2,130,181,105,148,1933
3,130,-2,699,710,3,42,1934
164,148,-2,240,246,210,3,1935
3,58,-2,215,312,162,3,1936
3,128,-2,490,529,10,148,1937
160,3,-2,263,342,210,3,1938
3,130,-2,594,700,10,148,1939
160,3,-2,258,300,162,148,1940
164,148,-2,232,235,210,3,1941
158,3,-2,411,468,162,3,1942
3,130,-2,309,468,162,3,1943
3,58,-2,265,372,210,3,1944
164,148,-2,232,232,210,3,1945
158,3,-2,193,200,3,40,1946
3,56,-2,33,34,3,42,1947
160,3,-2,499,605,210,3,1948
3,58,-2,215,319,162,3,1949
158,3,-2,572,581,10,148,1950
164,148,-2,232,232,210,3,1951
3,58,-2,199,240,105,148,1952
3,130,-2,303,436,162,3,1953
158,3,-2,461,485,210,3,1954
208,3,-2,362,393,10,148,1955
208,3,-2,243,252,3,40,1956
3,58,-2,583,648,210,3,1957
3,58,-2,674,685,10,148,1958
3,56,-2,201,214,105,148,1959
208,3,-2,317,336,3,42,1960
164,148,-2,232,232,210,3,1961
3,130,-2,178,206,162,148,1962
12,148,-2,384,401,210,3,1963
3,130,-2,333,372,162,3,1964
208,3,-2,362,402,10,148,1965
208,3,-2,304,305,162,148,1966
3,130,-2,492,513,10,148,1967
3,130,-2,178,206,162,148,1968
208,3,-2,1165,1174,210,3,1969
208,3,-2,243,252,3,40,1970
3,130,-2,123,256,3,42,1971
3,130,-2,375,399,210,3,1972
208,3,-2,567,617,3,42,1973
12,148,-2,516,524,3,40,1974
3,128,-2,511,541,210,3,1975
160,3,-2,195,205,3,40,1976
3,130,-2,447,499,3,42,1977
12,148,-2,384,416,210,3,1978
208,3,-2,362,396,10,148,1979
3,130,-2,423,585,3,42,1980
164,148,-2,232,233,210,3,1981
208,3,-2,489,517,162,3,1982
160,3,-2,312,373,10,148,1983
158,3,-2,195,202,3,40,1984
164,148,-2,232,235,210,3,1985
3,56,-2,213,221,162,3,1986
3,58,-2,589,638,105,148,1987
158,3,-2,195,203,3,40,1988
3,58,-2,570,626,10,148,1989
208,3,-2,304,316,162,148,1990
158,3,-2,195,204,3,40,1991
3,128,-2,351,461,210,3,1992
3,58,-2,215,313,162,3,1993
3,130,-2,596,699,10,148,1994
3,58,-2,452,585,162,148,1995
164,148,-2,232,238,210,3,1996
3,58,-2,306,361,10,148,1997
3,130,-2,375,396,210,3,1998
12,148,-2,384,410,210,3,1999
3,130,-2,716,728,10,148,2000
3,58,-2,389,514,3,40,2001
208,3,-2,243,253,210,3,2002
3,56,-2,213,230,162,3,2003
3,128,-2,123,132,105,148,2004
208,3,-2,375,422,3,42,2005
3,128,-2,385,452,162,3,2006
208,3,-2,479,528,3,42,2007
3,130,-2,353,475,210,3,2008
158,3,-2,312,323,10,148,2009
3,58,-2,331,451,3,42,2010
3,58,-2,331,463,3,42,2011
160,3,-2,201,232,105,148,2012
208,3,-2,304,316,162,148,2013
208,3,-2,243,262,3,40,2014
208,3,-2,243,264,3,40,2015
208,3,-2,417,465,162,3,2016
3,56,-2,33,53,3,42,2017
3,58,-2,215,332,162,3,2018
208,3,-2,243,264,3,40,2019
3,130,-2,1137,1143,162,3,2020
158,3,-2,193,221,3,40,2021
164,148,-2,232,233,210,3,2022
3,130,-2,309,452,162,3,2023
160,3,-2,312,356,10,148,2024
158,3,-2,265,304,210,3,2025
3,58,-2,765,885,105,148,2026
160,3,-2,215,268,162,3,2027
3,128,-2,379,394,210,3,2028
3,58,-2,114,137,10,148,2029
3,128,-2,123,146,105,148,2030
158,3,-2,265,301,210,3,2031
160,3,-2,449,464,162,3,2032
164,148,-2,489,514,10,148,2033
164,148,-2,232,235,210,3,2034
158,3,-2,647,664,162,3,2035
158,3,-2,195,200,3,40,2036
160,3,-2,587,688,162,3,2037
208,3,-2,304,322,162,148,2038
3,130,-2,123,311,3,42,2039
208,3,-2,362,407,10,148,2040
12,148,-2,384,398,210,3,2041
158,3,-2,195,204,3,40,2042
160,3,-2,619,650,162,3,2043
208,3,-2,304,320,162,148,2044
158,3,-2,193,212,3,40,2045
12,148,-2,524,532,210,3,2046
3,130,-2,353,485,210,3,2047
208,3,-2,417,453,162,3,2048
160,3,-2,263,293,210,3,2049
164,148,-2,232,232,210,3,2050
3,56,-2,455,468,210,3,2051
3,58,-2,535,600,162,3,2052
3,130,-2,344,438,162,148,2053
158,3,-2,193,212,3,40,2054
3,56,-2,33,38,3,42,2055
12,148,-2,384,393,210,3,2056
3,130,-2,678,691,10,148,2057
3,130,-2,419,553,3,42,2058
3,58,-2,221,328,162,3,2059
158,3,-2,195,213,3,40,2060
208,3,-2,307,331,210,3,2061
3,58,-2,441,540,162,3,2062
3,58,-2,265,381,210,3,2063
12,148,-2,501,514,10,148,2064
208,3,-2,466,502,162,148,2065
160,3,-2,195,229,3,40,2066
164,148,-2,232,233,210,3,2067
3,130,-2,394,491,10,148,2068
3,56,-2,33,46,3,42,2069
3,56,-2,213,221,162,3,2070
3,58,-2,512,576,10,148,2071
3,128,-2,392,481,10,148,2072
208,3,-2,457,525,105,148,2073
158,3,-2,367,389,162,3,2074
158,3,-2,312,321,10,148,2075
158,3,-2,195,221,3,40,2076
12,148,-2,392,402,210,3,2077
12,148,-2,130,154,105,148,2078
208,3,-2,453,478,162,3,2079
158,3,-2,195,226,3,40,2080
3,130,-2,123,298,3,42,2081
3,56,-2,463,481,210,3,2082
3,56,-2,213,224,162,3,2083
158,3,-2,193,226,3,40,2084
3,130,-2,377,402,210,3,2085
3,56,-2,699,709,162,3,2086
3,56,-2,201,219,105,148,2087
158,3,-2,265,294,210,3,2088
3,58,-2,215,320,162,3,2089
12,148,-2,384,410,210,3,2090
160,3,-2,314,354,10,148,2091
160,3,-2,263,294,210,3,2092
208,3,-2,243,248,3,40,2093
12,148,-2,778,861,210,3,2094
3,130,-2,178,210,162,148,2095
3,58,-2,215,340,162,3,2096
164,148,-2,232,235,210,3,2097
3,128,-2,123,147,105,148,2098
3,58,-2,221,342,162,3,2099
3,58,-2,114,126,10,148,2100
160,3,-2,499,611,210,3,2101
208,3,-2,453,498,162,3,2102
3,58,-2,306,370,10,148,2103
164,148,-2,240,240,210,3,2104
160,3,-2,455,474,210,3,2105
3,56,-2,213,216,162,3,2106
3,58,-2,265,373,210,3,2107
158,3,-2,367,378,162,3,2108
3,56,-2,308,314,10,148,2109
164,148,-2,616,675,105,148,2110
3,58,-2,215,333,162,3,2111
160,3,-2,195,222,3,40,2112
3,58,-2,265,373,210,3,2113
3,56,-2,213,217,162,3,2114
3,58,-2,114,120,10,148,2115
160,3,-2,201,293,105,148,2116
12,148,-2,187,211,162,148,2117
158,3,-2,265,279,210,3,2118
160,3,-2,455,480,210,3,2119
208,3,-2,362,398,10,148,2120
208,3,-2,313,354,3,42,2121
3,128,-2,377,395,210,3,2122
3,130,-2,303,441,162,3,2123
158,3,-2,265,280,210,3,2124
158,3,-2,774,786,10,148,2125
164,148,-2,715,715,162,148,2126
208,3,-2,243,268,3,40,2127
164,148,-2,232,236,210,3,2128
3,128,-2,180,189,162,148,2129
208,3,-2,243,269,3,40,2130
3,130,-2,303,449,162,3,2131
3,58,-2,983,1001,3,42,2132
158,3,-2,459,473,210,3,2133
208,3,-2,417,469,162,3,2134
12,148,-2,312,383,162,3,2135
3,130,-2,303,379,162,3,2136
3,56,-2,33,39,3,42,2137
208,3,-2,417,475,162,3,2138
158,3,-2,312,314,10,148,2139
208,3,-2,304,357,162,148,2140
12,148,-2,386,407,210,3,2141
160,3,-2,195,228,3,40,2142
164,148,-2,232,232,210,3,2143
160,3,-2,312,333,10,148,2144
158,3,-2,193,202,3,40,2145
3,58,-2,331,453,3,42,2146
12,148,-2,392,408,210,3,2147
12,148,-2,348,359,162,3,2148
3,130,-2,121,152,105,148,2149
208,3,-2,243,265,3,40,2150
12,148,-2,384,392,210,3,2151
12,148,-2,384,394,210,3,2152
3,58,-2,345,455,162,3,2153
160,3,-2,195,224,3,40,2154
160,3,-2,312,332,10,148,2155
158,3,-2,1241,1272,3,42,2156
160,3,-2,455,466,210,3,2157
12,148,-2,130,171,105,148,2158
158,3,-2,265,271,210,3,2159
3,56,-2,213,218,162,3,2160
160,3,-2,709,716,162,3,2161
208,3,-2,362,412,10,148,2162
158,3,-2,193,218,3,40,2163
164,148,-2,232,236,210,3,2164
208,3,-2,497,530,162,3,2165
164,148,-2,240,243,210,3,2166
208,3,-2,199,207,162,3,2167
208,3,-2,567,582,3,42,2168
3,128,-2,375,415,210,3,2169
3,128,-2,511,518,210,3,2170
208,3,-2,453,497,162,3,2171
3,128,-2,375,416,210,3,2172
3,130,-2,1066,1091,10,148,2173
3,56,-2,33,70,3,42,2174
3,56,-2,201,207,105,148,2175
164,148,-2,1226,1270,162,3,2176
208,3,-2,552,590,10,148,2177
3,58,-2,256,327,162,148,2178
3,130,-2,123,278,3,42,2179
3,128,-2,301,432,162,3,2180
3,58,-2,114,154,10,148,2181
208,3,-2,199,222,162,3,2182
3,58,-2,306,406,10,148,2183
208,3,-2,497,522,162,3,2184
3,128,-2,123,147,105,148,2185
3,130,-2,785,794,162,3,2186
3,58,-2,114,152,10,148,2187
158,3,-2,193,215,3,40,2188
164,148,-2,196,213,162,3,2189
3,58,-2,306,410,10,148,2190
3,56,-2,201,201,105,148,2191
158,3,-2,459,472,210,3,2192
160,3,-2,718,736,162,148,2193
208,3,-2,243,276,3,40,2194
3,58,-2,653,662,210,3,2195
160,3,-2,312,359,10,148,2196
158,3,-2,195,208,3,40,2197
160,3,-2,455,461,210,3,2198
160,3,-2,195,217,3,40,2199
158,3,-2,312,349,10,148,2200
3,128,-2,361,409,3,40,2201
3,58,-2,306,409,10,148,2202
3,56,-2,457,464,210,3,2203
208,3,-2,497,522,162,3,2204
208,3,-2,612,655,10,148,2205
160,3,-2,409,431,105,148,2206
12,148,-2,930,936,210,3,2207
208,3,-2,453,508,162,3,2208
3,58,-2,114,156,10,148,2209
208,3,-2,243,284,3,40,2210
158,3,-2,718,722,162,148,2211
158,3,-2,367,371,162,3,2212
208,3,-2,243,287,3,40,2213
12,148,-2,386,397,210,3,2214
3,58,-2,511,536,162,3,2215
3,130,-2,333,382,162,3,2216
160,3,-2,201,251,105,148,2217
3,130,-2,423,510,3,42,2218
12,148,-2,392,400,210,3,2219
3,56,-2,201,212,105,148,2220
160,3,-2,195,242,3,40,2221
3,128,-2,791,799,210,3,2222
3,56,-2,823,830,162,3,2223
160,3,-2,314,358,10,148,2224
3,130,-2,602,620,162,148,2225
3,128,-2,598,601,162,148,2226
158,3,-2,193,204,3,40,2227
208,3,-2,567,605,3,42,2228
3,130,-2,595,615,162,3,2229
3,58,-2,521,541,3,42,2230
12,148,-2,609,617,162,148,2231
3,58,-2,265,390,210,3,2232
3,56,-2,572,602,10,148,2233
3,58,-2,451,503,210,3,2234
3,56,-2,392,426,10,148,2235
160,3,-2,258,304,162,148,2236
208,3,-2,243,282,3,40,2237
208,3,-2,362,431,10,148,2238
208,3,-2,497,515,210,3,2239
208,3,-2,199,236,162,3,2240
3,56,-2,213,221,162,3,2241
160,3,-2,312,358,10,148,2242
12,148,-2,632,643,162,3,2243
3,58,-2,566,600,10,148,2244
208,3,-2,304,344,162,148,2245
208,3,-2,737,782,210,3,2246
3,56,-2,213,221,162,3,2247
3,130,-2,1000,1037,10,148,2248
12,148,-2,456,467,3,42,2249
164,148,-2,372,373,210,3,2250
208,3,-2,417,449,162,3,2251
158,3,-2,312,365,10,148,2252
3,58,-2,114,170,10,148,2253
3,56,-2,447,451,162,3,2254
160,3,-2,331,341,3,42,2255
12,148,-2,130,154,105,148,2256
208,3,-2,243,273,3,40,2257
3,56,-2,729,737,3,42,2258
160,3,-2,453,453,210,3,2259
3,130,-2,304,341,162,3,2260
160,3,-2,258,295,162,148,2261
208,3,-2,243,282,210,3,2262
12,148,-2,130,157,105,148,2263
3,58,-2,331,443,3,42,2264
160,3,-2,409,421,162,3,2265
3,130,-2,121,154,105,148,2266
208,3,-2,243,286,3,40,2267
12,148,-2,456,462,3,42,2268
12,148,-2,386,391,210,3,2269
160,3,-2,201,246,105,148,2270
12,148,-2,187,210,162,148,2271
160,3,-2,263,292,210,3,2272
12,148,-2,432,545,3,42,2273
3,130,-2,303,338,162,3,2274
160,3,-2,680,684,162,148,2275
12,148,-2,384,398,210,3,2276
3,128,-2,377,386,210,3,2277
160,3,-2,195,238,3,40,2278
12,148,-2,384,396,210,3,2279
158,3,-2,193,204,3,40,2280
164,148,-2,232,232,210,3,2281
3,130,-2,123,266,3,42,2282
158,3,-2,649,654,210,3,2283
158,3,-2,193,203,3,40,2284
3,130,-2,178,205,162,148,2285
164,148,-2,232,233,210,3,2286
3,58,-2,199,269,105,148,2287
160,3,-2,331,338,3,42,2288
3,130,-2,375,383,210,3,2289
3,58,-2,488,507,162,148,2290
160,3,-2,195,231,3,40,2291
208,3,-2,307,350,210,3,2292
158,3,-2,661,664,3,40,2293
164,148,-2,232,232,210,3,2294
158,3,-2,411,428,162,3,2295
3,58,-2,306,410,10,148,2296
160,3,-2,413,423,162,3,2297
160,3,-2,195,231,3,40,2298
164,148,-2,232,232,210,3,2299
3,130,-2,303,347,162,3,2300
3,58,-2,593,603,210,3,2301
158,3,-2,333,343,3,42,2302
208,3,-2,304,346,162,148,2303
208,3,-2,259,300,162,3,2304
3,56,-2,33,47,3,42,2305
158,3,-2,265,282,210,3,2306
3,58,-2,545,549,162,3,2307
208,3,-2,243,288,3,40,2308
208,3,-2,417,450,162,3,2309
160,3,-2,314,353,10,148,2310
3,58,-2,488,504,162,148,2311
158,3,-2,195,196,3,40,2312
158,3,-2,459,466,210,3,2313
158,3,-2,312,336,10,148,2314
208,3,-2,304,343,162,148,2315
3,58,-2,265,384,210,3,2316
208,3,-2,362,409,10,148,2317
3,130,-2,581,595,210,3,2318
160,3,-2,875,887,162,3,2319
160,3,-2,312,339,10,148,2320
3,58,-2,256,325,162,148,2321
3,56,-2,213,218,162,3,2322
160,3,-2,572,593,10,148,2323
3,130,-2,178,200,162,148,2324
158,3,-2,217,217,162,3,2325
3,58,-2,453,472,210,3,2326
208,3,-2,497,505,210,3,2327
3,58,-2,463,465,210,3,2328
3,56,-2,33,40,3,42,2329
160,3,-2,661,667,210,3,2330
3,58,-2,306,399,10,148,2331
158,3,-2,312,330,10,148,2332
3,58,-2,453,474,210,3,2333
158,3,-2,193,193,3,40,2334
3,130,-2,309,429,162,3,2335
3,58,-2,736,758,10,148,2336
158,3,-2,195,195,3,40,2337
3,130,-2,375,377,210,3,2338
3,130,-2,303,348,162,3,2339
3,130,-2,377,382,210,3,2340
158,3,-2,217,234,162,3,2341
3,130,-2,375,386,210,3,2342
158,3,-2,312,333,10,148,2343
158,3,-2,193,197,3,40,2344
164,148,-2,232,235,210,3,2345
3,58,-2,215,329,162,3,2346
158,3,-2,265,281,210,3,2347
164,148,-2,232,236,210,3,2348
12,148,-2,312,359,162,3,2349
12,148,-2,130,148,105,148,2350
12,148,-2,130,147,105,148,2351
160,3,-2,195,207,3,40,2352
12,148,-2,895,901,10,148,2353
160,3,-2,819,904,3,42,2354
3,130,-2,375,381,210,3,2355
12,148,-2,187,206,162,148,2356
3,130,-2,793,806,210,3,2357
3,56,-2,201,220,105,148,2358
160,3,-2,699,708,162,3,2359
3,58,-2,215,326,162,3,2360
160,3,-2,457,462,210,3,2361
3,58,-2,215,325,162,3,2362
158,3,-2,265,276,210,3,2363
208,3,-2,362,404,10,148,2364
208,3,-2,379,429,105,148,2365
208,3,-2,243,277,210,3,2366
3,56,-2,213,226,162,3,2367
158,3,-2,312,330,10,148,2368
3,56,-2,213,233,162,3,2369
158,3,-2,193,195,3,40,2370
208,3,-2,417,441,162,3,2371
12,148,-2,130,147,105,148,2372
158,3,-2,537,541,3,42,2373
158,3,-2,312,324,10,148,2374
158,3,-2,195,196,3,40,2375
3,58,-2,511,525,162,3,2376
208,3,-2,362,405,10,148,2377
3,130,-2,375,387,210,3,2378
3,58,-2,409,452,162,3,2379
158,3,-2,193,195,3,40,2380
3,130,-2,845,846,3,40,2381
3,56,-2,33,35,3,42,2382
3,130,-2,394,471,10,148,2383
12,148,-2,130,166,105,148,2384
3,130,-2,178,194,162,148,2385
164,148,-2,232,232,210,3,2386
12,148,-2,342,351,162,3,2387
3,56,-2,258,276,162,148,2388
160,3,-2,523,537,3,42,2389
3,56,-2,263,282,3,42,2390
164,148,-2,232,233,210,3,2391
3,58,-2,579,604,162,3,2392
160,3,-2,258,283,162,148,2393
164,148,-2,232,232,210,3,2394
3,56,-2,308,324,10,148,2395
164,148,-2,232,233,210,3,2396
158,3,-2,312,322,10,148,2397
3,130,-2,419,492,3,42,2398
3,130,-2,303,326,162,3,2399
160,3,-2,331,343,3,42,2400
3,58,-2,114,129,10,148,2401
3,56,-2,593,602,3,40,2402
3,58,-2,114,130,10,148,2403
12,148,-2,130,159,105,148,2404
3,128,-2,335,345,162,3,2405
3,58,-2,256,344,162,148,2406
164,148,-2,232,232,210,3,2407
158,3,-2,397,423,105,148,2408
12,148,-2,501,520,10,148,2409
158,3,-2,718,721,162,148,2410
3,130,-2,375,388,210,3,2411
158,3,-2,312,322,10,148,2412
158,3,-2,193,197,3,40,2413
3,58,-2,265,362,210,3,2414
160,3,-2,506,531,10,148,2415
208,3,-2,304,347,162,148,2416
12,148,-2,862,862,3,40,2417
160,3,-2,455,455,210,3,2418
158,3,-2,527,532,3,42,2419
3,58,-2,649,650,210,3,2420
3,56,-2,676,694,162,148,2421
3,130,-2,513,521,3,40,2422
3,130,-2,435,441,210,3,2423
158,3,-2,195,206,3,40,2424
164,148,-2,232,233,210,3,2425
208,3,-2,417,419,162,3,2426
3,58,-2,114,151,10,148,2427
208,3,-2,556,576,162,148,2428
160,3,-2,215,235,162,3,2429
3,58,-2,1136,1154,162,148,2430
3,130,-2,353,466,210,3,2431
3,130,-2,394,471,10,148,2432
158,3,-2,367,369,162,3,2433
3,130,-2,178,197,162,148,2434
3,58,-2,451,460,210,3,2435
3,58,-2,389,410,3,40,2436
12,148,-2,428,481,3,42,2437
160,3,-2,457,469,210,3,2438
12,148,-2,384,386,210,3,2439
3,58,-2,331,383,3,42,2440
158,3,-2,265,285,210,3,2441
3,130,-2,333,348,162,3,2442
3,130,-2,492,500,10,148,2443
12,148,-2,775,787,162,148,2444
208,3,-2,304,339,162,148,2445
3,130,-2,303,337,162,3,2446
3,130,-2,594,613,10,148,2447
208,3,-2,243,270,3,40,2448
158,3,-2,265,273,210,3,2449
208,3,-2,362,383,10,148,2450
3,128,-2,301,387,162,3,2451
160,3,-2,312,332,10,148,2452
3,130,-2,333,353,162,3,2453
160,3,-2,312,336,10,148,2454
160,3,-2,195,214,3,40,2455
3,130,-2,333,358,162,3,2456
160,3,-2,314,324,10,148,2457
158,3,-2,367,370,162,3,2458
3,58,-2,482,554,162,148,2459
160,3,-2,453,460,210,3,2460
3,58,-2,546,556,10,148,2461
160,3,-2,263,264,210,3,2462
208,3,-2,362,391,10,148,2463
164,148,-2,232,234,210,3,2464
12,148,-2,312,331,162,3,2465
164,148,-2,232,236,210,3,2466
3,56,-2,403,415,105,148,2467
3,128,-2,955,962,162,3,2468
3,56,-2,33,35,3,42,2469
158,3,-2,312,328,10,148,2470
3,56,-2,33,39,3,42,2471
3,128,-2,375,378,210,3,2472
160,3,-2,263,271,210,3,2473
160,3,-2,568,578,10,148,2474
3,130,-2,123,185,3,42,2475
3,130,-2,377,386,210,3,2476
158,3,-2,367,371,162,3,2477
158,3,-2,193,202,3,40,2478
3,58,-2,265,347,210,3,2479
3,58,-2,114,133,10,148,2480
208,3,-2,362,389,10,148,2481
208,3,-2,304,326,162,148,2482
160,3,-2,195,208,3,40,2483
12,148,-2,872,878,3,42,2484
12,148,-2,384,386,210,3,2485
160,3,-2,369,374,162,3,2486
208,3,-2,304,335,162,148,2487
160,3,-2,762,792,10,148,2488
160,3,-2,201,222,105,148,2489
3,56,-2,273,287,3,40,2490
12,148,-2,132,190,3,42,2491
160,3,-2,463,485,210,3,2492
3,56,-2,308,338,10,148,2493
208,3,-2,243,297,3,40,2494
158,3,-2,527,536,3,42,2495
160,3,-2,263,269,210,3,2496
3,56,-2,213,227,162,3,2497
208,3,-2,362,397,10,148,2498
3,130,-2,178,197,162,148,2499
208,3,-2,307,337,210,3,2500
