208,3,-2,242,242,3,40,1
3,58,-2,265,265,210,3,2
158,3,-2,312,331,10,148,3
160,3,-2,404,425,3,42,4
208,3,-2,453,543,162,3,5
158,3,-2,312,332,10,148,6
3,58,-2,265,266,210,3,7
3,130,-2,375,377,210,3,8
3,130,-2,302,312,162,3,9
158,3,-2,312,341,10,148,10
3,58,-2,265,275,210,3,11
12,148,-2,311,322,162,3,12
160,3,-2,566,601,10,148,13
208,3,-2,304,307,162,148,14
3,58,-2,265,275,210,3,15
3,58,-2,507,620,162,3,16
158,3,-2,312,343,10,148,17
3,58,-2,331,349,3,42,18
3,58,-2,265,275,210,3,19
158,3,-2,367,380,162,3,20
208,3,-2,360,370,10,148,21
3,128,-2,180,182,162,148,22
3,128,-2,377,383,210,3,23
208,3,-2,823,1208,210,3,24
3,58,-2,221,224,162,3,25
3,128,-2,180,184,162,148,26
3,130,-2,122,122,3,42,27
3,128,-2,377,383,210,3,28
3,58,-2,221,226,162,3,29
160,3,-2,312,321,10,148,30
3,130,-2,375,379,210,3,31
208,3,-2,360,375,10,148,32
3,58,-2,389,427,3,40,33
3,58,-2,331,361,3,42,34
3,58,-2,265,277,210,3,35
3,58,-2,401,439,105,148,36
12,148,-2,311,316,162,3,37
160,3,-2,312,321,10,148,38
158,3,-2,585,729,3,40,39
3,58,-2,393,448,210,3,40
3,58,-2,407,455,162,3,41
160,3,-2,312,322,10,148,42
158,3,-2,193,195,3,40,43
208,3,-2,307,319,210,3,44
3,128,-2,876,975,162,3,45
158,3,-2,310,334,10,148,46
12,148,-2,131,134,3,42,47
3,128,-2,123,129,105,148,48
208,3,-2,243,244,3,40,49
3,130,-2,122,130,3,42,50
3,58,-2,265,275,210,3,51
3,128,-2,1012,1235,162,3,52
164,148,-2,232,233,210,3,53
208,3,-2,307,317,210,3,54
158,3,-2,312,332,10,148,55
160,3,-2,195,198,3,40,56
12,148,-2,131,131,3,42,57
164,148,-2,232,235,210,3,58
160,3,-2,312,320,10,148,59
164,148,-2,232,237,210,3,60
158,3,-2,310,332,10,148,61
158,3,-2,521,603,3,40,62
158,3,-2,265,298,210,3,63
164,148,-2,232,237,210,3,64
160,3,-2,584,642,162,3,65
3,58,-2,265,269,210,3,66
208,3,-2,743,987,162,3,67
3,128,-2,488,525,10,148,68
160,3,-2,201,205,105,148,69
3,58,-2,265,270,210,3,70
3,130,-2,302,310,162,3,71
3,58,-2,304,308,10,148,72
158,3,-2,262,288,162,148,73
208,3,-2,307,311,210,3,74
160,3,-2,566,610,10,148,75
12,148,-2,187,188,162,148,76
208,3,-2,243,248,3,40,77
3,58,-2,335,360,3,42,78
158,3,-2,265,293,210,3,79
158,3,-2,205,207,105,148,80
3,58,-2,520,615,3,42,81
164,148,-2,232,233,210,3,82
12,148,-2,311,318,162,3,83
158,3,-2,193,195,3,40,84
3,58,-2,331,349,3,42,85
3,130,-2,375,385,210,3,86
3,56,-2,213,220,162,3,87
208,3,-2,360,367,10,148,88
3,56,-2,33,33,3,42,89
208,3,-2,417,456,162,3,90
160,3,-2,455,502,210,3,91
158,3,-2,312,320,10,148,92
3,58,-2,557,683,3,40,93
160,3,-2,453,478,210,3,94
160,3,-2,312,317,10,148,95
3,130,-2,122,129,3,42,96
160,3,-2,700,868,10,148,97
208,3,-2,379,426,105,148,98
208,3,-2,243,243,3,40,99
158,3,-2,407,426,105,148,100
208,3,-2,443,469,3,42,101
164,148,-2,232,232,210,3,102
3,58,-2,407,459,162,3,103
208,3,-2,417,478,162,3,104
3,58,-2,304,329,10,148,105
3,56,-2,33,34,3,42,106
3,58,-2,457,556,210,3,107
3,130,-2,302,306,162,3,108
160,3,-2,542,600,10,148,109
3,58,-2,451,507,210,3,110
158,3,-2,312,326,10,148,111
208,3,-2,567,627,3,42,112
158,3,-2,312,327,10,148,113
158,3,-2,193,195,3,40,114
3,128,-2,580,599,3,42,115
3,58,-2,265,267,210,3,116
3,58,-2,221,239,162,3,117
158,3,-2,195,197,3,40,118
3,58,-2,265,269,210,3,119
3,58,-2,221,239,162,3,120
208,3,-2,360,379,10,148,121
12,148,-2,384,388,210,3,122
208,3,-2,551,605,162,3,123
158,3,-2,312,329,10,148,124
3,58,-2,331,350,3,42,125
208,3,-2,199,225,162,3,126
164,148,-2,232,238,210,3,127
3,58,-2,221,261,162,3,128
3,128,-2,488,518,10,148,129
208,3,-2,633,740,105,148,130
160,3,-2,345,370,162,3,131
208,3,-2,360,390,10,148,132
3,58,-2,265,269,210,3,133
160,3,-2,566,639,10,148,134
164,148,-2,370,386,3,40,135
3,58,-2,583,681,210,3,136
3,58,-2,215,221,162,3,137
3,58,-2,335,352,3,42,138
3,58,-2,397,451,210,3,139
158,3,-2,193,193,3,40,140
3,128,-2,444,482,3,42,141
3,58,-2,265,267,210,3,142
3,56,-2,33,34,3,42,143
160,3,-2,409,453,162,3,144
3,56,-2,306,306,10,148,145
160,3,-2,616,698,162,148,146
158,3,-2,193,193,3,40,147
3,130,-2,122,122,3,42,148
158,3,-2,265,281,210,3,149
208,3,-2,551,626,162,3,150
160,3,-2,263,263,210,3,151
208,3,-2,477,535,3,40,152
160,3,-2,263,265,210,3,153
208,3,-2,439,503,105,148,154
158,3,-2,195,198,3,40,155
3,128,-2,445,489,3,42,156
160,3,-2,369,405,162,3,157
3,56,-2,306,318,10,148,158
160,3,-2,636,760,162,148,159
160,3,-2,195,199,3,40,160
164,148,-2,240,244,210,3,161
3,58,-2,409,475,162,3,162
3,56,-2,455,467,210,3,163
3,58,-2,215,224,162,3,164
208,3,-2,304,312,162,148,165
208,3,-2,243,243,3,40,166
3,58,-2,265,270,210,3,167
160,3,-2,312,315,10,148,168
208,3,-2,627,728,3,40,169
164,148,-2,634,676,3,42,170
208,3,-2,621,803,210,3,171
208,3,-2,259,259,162,3,172
3,58,-2,512,628,10,148,173
208,3,-2,705,871,105,148,174
3,130,-2,178,190,162,148,175
158,3,-2,195,195,3,40,176
164,148,-2,232,235,210,3,177
3,128,-2,331,341,162,3,178
3,130,-2,375,384,210,3,179
158,3,-2,217,220,162,3,180
12,148,-2,130,135,105,148,181
160,3,-2,389,443,3,40,182
12,148,-2,131,137,3,42,183
160,3,-2,312,323,10,148,184
3,58,-2,199,209,105,148,185
3,128,-2,708,844,162,3,186
208,3,-2,360,396,10,148,187
160,3,-2,195,201,3,40,188
160,3,-2,453,498,210,3,189
158,3,-2,217,220,162,3,190
3,128,-2,123,130,105,148,191
3,58,-2,265,284,210,3,192
3,56,-2,213,226,162,3,193
160,3,-2,195,203,3,40,194
164,148,-2,232,239,210,3,195
3,128,-2,488,497,10,148,196
160,3,-2,312,314,10,148,197
208,3,-2,304,312,162,148,198
158,3,-2,193,204,3,40,199
3,58,-2,265,289,210,3,200
3,58,-2,215,230,162,3,201
208,3,-2,243,247,3,40,202
3,58,-2,335,375,3,42,203
164,148,-2,232,240,210,3,204
3,130,-2,302,329,162,3,205
158,3,-2,312,320,10,148,206
158,3,-2,395,426,210,3,207
12,148,-2,311,331,162,3,208
160,3,-2,312,335,10,148,209
164,148,-2,232,240,210,3,210
164,148,-2,232,240,210,3,211
160,3,-2,312,344,10,148,212
3,130,-2,302,332,162,3,213
160,3,-2,195,202,3,40,214
3,128,-2,1183,1537,162,3,215
208,3,-2,243,249,3,40,216
3,58,-2,742,1077,10,148,217
208,3,-2,243,249,3,40,218
3,56,-2,715,879,210,3,219
208,3,-2,551,628,162,3,220
3,130,-2,178,178,162,148,221
3,58,-2,451,537,210,3,222
158,3,-2,367,394,162,3,223
3,58,-2,304,316,10,148,224
158,3,-2,205,231,105,148,225
3,128,-2,180,182,162,148,226
12,148,-2,637,763,210,3,227
158,3,-2,463,521,3,42,228
3,128,-2,624,662,162,3,229
158,3,-2,570,658,10,148,230
12,148,-2,187,192,162,148,231
164,148,-2,232,235,210,3,232
208,3,-2,417,489,162,3,233
208,3,-2,360,397,10,148,234
3,58,-2,265,287,210,3,235
3,128,-2,624,661,162,3,236
3,56,-2,33,34,3,42,237
164,148,-2,232,234,210,3,238
158,3,-2,407,439,105,148,239
160,3,-2,195,195,3,40,240
160,3,-2,312,325,10,148,241
158,3,-2,205,228,105,148,242
12,148,-2,187,194,162,148,243
160,3,-2,195,212,3,40,244
208,3,-2,316,336,3,42,245
158,3,-2,312,315,10,148,246
3,130,-2,121,125,105,148,247
158,3,-2,312,316,10,148,248
208,3,-2,307,325,210,3,249
158,3,-2,312,316,10,148,250
158,3,-2,217,242,162,3,251
158,3,-2,404,437,3,42,252
208,3,-2,651,808,162,3,253
158,3,-2,312,322,10,148,254
208,3,-2,497,549,210,3,255
158,3,-2,312,324,10,148,256
12,148,-2,311,313,162,3,257
12,148,-2,371,425,3,40,258
164,148,-2,232,232,210,3,259
3,58,-2,707,1004,162,3,260
208,3,-2,360,394,10,148,261
160,3,-2,512,556,162,148,262
208,3,-2,243,243,3,40,263
3,130,-2,121,123,105,148,264
3,58,-2,265,285,210,3,265
208,3,-2,490,638,10,148,266
3,58,-2,453,541,210,3,267
158,3,-2,312,332,10,148,268
3,130,-2,122,134,3,42,269
3,56,-2,455,473,210,3,270
208,3,-2,259,268,162,3,271
160,3,-2,268,278,3,42,272
3,130,-2,122,141,3,42,273
3,56,-2,656,814,162,148,274
3,56,-2,213,220,162,3,275
208,3,-2,610,696,10,148,276
12,148,-2,384,390,210,3,277
3,58,-2,215,220,162,3,278
208,3,-2,304,327,162,148,279
158,3,-2,193,221,3,40,280
208,3,-2,307,339,210,3,281
3,56,-2,213,221,162,3,282
158,3,-2,195,197,3,40,283
164,148,-2,232,232,210,3,284
3,58,-2,564,685,10,148,285
208,3,-2,437,511,210,3,286
3,58,-2,507,624,162,3,287
3,58,-2,265,285,210,3,288
3,130,-2,453,471,3,42,289
160,3,-2,409,448,162,3,290
12,148,-2,130,134,105,148,291
158,3,-2,333,348,3,42,292
164,148,-2,232,238,210,3,293
208,3,-2,550,650,10,148,294
158,3,-2,516,589,162,148,295
164,148,-2,240,248,210,3,296
3,130,-2,302,312,162,3,297
158,3,-2,312,327,10,148,298
160,3,-2,201,203,105,148,299
160,3,-2,195,199,3,40,300
12,148,-2,384,384,210,3,301
3,128,-2,507,534,210,3,302
208,3,-2,417,483,162,3,303
208,3,-2,550,644,10,148,304
208,3,-2,243,245,3,40,305
160,3,-2,263,280,210,3,306
160,3,-2,312,331,10,148,307
3,130,-2,121,131,105,148,308
3,130,-2,178,193,162,148,309
208,3,-2,453,490,162,3,310
3,56,-2,306,320,10,148,311
208,3,-2,304,330,162,148,312
158,3,-2,391,439,3,40,313
158,3,-2,395,461,210,3,314
3,58,-2,215,231,162,3,315
160,3,-2,625,880,10,148,316
158,3,-2,195,205,3,40,317
3,58,-2,453,567,210,3,318
208,3,-2,360,379,10,148,319
12,148,-2,666,816,162,148,320
3,58,-2,395,470,3,40,321
3,130,-2,453,503,3,42,322
164,148,-2,232,233,210,3,323
160,3,-2,195,197,3,40,324
208,3,-2,243,260,210,3,325
3,56,-2,213,217,162,3,326
208,3,-2,259,268,162,3,327
3,58,-2,221,242,162,3,328
3,56,-2,306,325,10,148,329
158,3,-2,333,371,3,42,330
3,58,-2,215,243,162,3,331
208,3,-2,568,705,105,148,332
160,3,-2,331,378,3,42,333
3,130,-2,375,391,210,3,334
3,56,-2,213,217,162,3,335
3,128,-2,488,494,10,148,336
3,128,-2,505,572,3,40,337
3,58,-2,463,583,210,3,338
208,3,-2,243,248,3,40,339
3,128,-2,679,829,162,3,340
158,3,-2,509,609,162,3,341
208,3,-2,360,402,10,148,342
3,128,-2,948,1086,210,3,343
164,148,-2,486,502,162,3,344
3,58,-2,265,277,210,3,345
12,148,-2,311,319,162,3,346
158,3,-2,312,318,10,148,347
12,148,-2,187,189,162,148,348
3,58,-2,265,279,210,3,349
160,3,-2,312,324,10,148,350
12,148,-2,443,497,210,3,351
3,128,-2,624,749,162,3,352
208,3,-2,550,821,10,148,353
208,3,-2,594,700,10,148,354
208,3,-2,304,340,162,148,355
3,58,-2,453,568,210,3,356
158,3,-2,584,618,162,3,357
208,3,-2,522,629,10,148,358
3,58,-2,265,290,210,3,359
3,58,-2,512,644,10,148,360
160,3,-2,389,427,3,40,361
3,58,-2,265,293,210,3,362
12,148,-2,348,354,162,3,363
3,128,-2,488,504,10,148,364
158,3,-2,266,285,3,42,365
3,130,-2,375,383,210,3,366
3,128,-2,300,331,162,3,367
12,148,-2,384,390,210,3,368
158,3,-2,509,629,162,3,369
208,3,-2,243,254,3,40,370
158,3,-2,459,561,210,3,371
208,3,-2,417,512,162,3,372
160,3,-2,312,317,10,148,373
3,128,-2,488,549,10,148,374
208,3,-2,477,557,3,40,375
164,148,-2,438,469,210,3,376
3,130,-2,302,335,162,3,377
3,128,-2,882,1036,3,40,378
3,58,-2,335,393,3,42,379
208,3,-2,199,208,162,3,380
3,56,-2,306,349,10,148,381
3,56,-2,33,35,3,42,382
3,58,-2,265,301,210,3,383
160,3,-2,389,443,3,40,384
3,128,-2,573,705,210,3,385
12,148,-2,131,137,3,42,386
158,3,-2,265,298,210,3,387
158,3,-2,333,379,3,42,388
3,130,-2,302,380,162,3,389
160,3,-2,312,319,10,148,390
208,3,-2,243,264,3,40,391
208,3,-2,307,361,210,3,392
158,3,-2,312,341,10,148,393
3,58,-2,265,304,210,3,394
158,3,-2,193,223,3,40,395
3,128,-2,621,749,162,3,396
3,128,-2,583,667,105,148,397
160,3,-2,312,322,10,148,398
3,58,-2,265,304,210,3,399
3,130,-2,302,386,162,3,400
3,58,-2,427,537,210,3,401
3,58,-2,544,685,10,148,402
12,148,-2,187,191,162,148,403
160,3,-2,215,218,162,3,404
3,128,-2,123,123,105,148,405
158,3,-2,195,202,3,40,406
3,128,-2,701,891,210,3,407
3,128,-2,123,125,105,148,408
3,130,-2,375,390,210,3,409
3,128,-2,331,375,162,3,410
208,3,-2,360,397,10,148,411
3,130,-2,121,125,105,148,412
158,3,-2,195,202,3,40,413
3,128,-2,377,399,210,3,414
158,3,-2,217,232,162,3,415
208,3,-2,243,261,3,40,416
3,56,-2,442,498,162,3,417
12,148,-2,440,521,162,148,418
158,3,-2,195,203,3,40,419
160,3,-2,455,532,210,3,420
3,128,-2,624,755,162,3,421
160,3,-2,312,338,10,148,422
3,58,-2,452,655,162,148,423
208,3,-2,751,1160,3,42,424
208,3,-2,243,271,210,3,425
158,3,-2,312,346,10,148,426
160,3,-2,263,288,210,3,427
3,58,-2,221,233,162,3,428
3,56,-2,201,201,105,148,429
3,130,-2,689,757,3,40,430
208,3,-2,243,261,3,40,431
3,58,-2,265,297,210,3,432
3,128,-2,740,848,10,148,433
208,3,-2,375,445,3,42,434
3,58,-2,457,651,210,3,435
164,148,-2,232,234,210,3,436
12,148,-2,187,188,162,148,437
3,130,-2,122,128,3,42,438
164,148,-2,232,234,210,3,439
12,148,-2,311,367,162,3,440
208,3,-2,530,624,162,148,441
208,3,-2,307,379,210,3,442
208,3,-2,243,265,3,40,443
3,58,-2,265,299,210,3,444
160,3,-2,215,234,162,3,445
208,3,-2,243,267,3,40,446
12,148,-2,678,834,3,42,447
3,128,-2,621,733,162,3,448
3,58,-2,463,647,210,3,449
3,58,-2,641,961,162,3,450
158,3,-2,312,339,10,148,451
3,58,-2,461,610,3,42,452
158,3,-2,217,224,162,3,453
158,3,-2,193,204,3,40,454
164,148,-2,232,233,210,3,455
3,130,-2,178,183,162,148,456
208,3,-2,307,375,210,3,457
158,3,-2,217,247,162,3,458
208,3,-2,556,660,162,148,459
208,3,-2,551,690,162,3,460
3,58,-2,265,305,210,3,461
208,3,-2,243,270,3,40,462
208,3,-2,307,373,210,3,463
208,3,-2,586,782,10,148,464
3,56,-2,258,275,162,148,465
3,58,-2,265,314,210,3,466
158,3,-2,217,244,162,3,467
3,130,-2,121,129,105,148,468
160,3,-2,263,316,210,3,469
208,3,-2,304,326,162,148,470
164,148,-2,240,243,210,3,471
3,128,-2,654,756,10,148,472
3,58,-2,696,965,162,148,473
208,3,-2,243,279,3,40,474
164,148,-2,232,232,210,3,475
3,58,-2,265,322,210,3,476
158,3,-2,509,652,162,3,477
160,3,-2,312,333,10,148,478
208,3,-2,243,279,3,40,479
3,58,-2,733,1116,3,42,480
3,130,-2,375,377,210,3,481
12,148,-2,311,355,162,3,482
160,3,-2,195,195,3,40,483
3,130,-2,375,377,210,3,484
3,128,-2,525,668,162,3,485
3,58,-2,304,362,10,148,486
3,58,-2,593,727,210,3,487
208,3,-2,243,277,3,40,488
208,3,-2,497,577,210,3,489
208,3,-2,259,332,162,3,490
3,58,-2,304,362,10,148,491
160,3,-2,455,551,210,3,492
208,3,-2,304,344,162,148,493
208,3,-2,307,372,210,3,494
3,56,-2,33,35,3,42,495
208,3,-2,469,578,210,3,496
3,58,-2,221,283,162,3,497
160,3,-2,195,207,3,40,498
164,148,-2,232,234,210,3,499
208,3,-2,489,647,162,3,500
3,58,-2,794,1082,10,148,501
3,58,-2,567,705,3,40,502
208,3,-2,243,284,3,40,503
3,58,-2,265,313,210,3,504
3,128,-2,488,518,10,148,505
208,3,-2,453,673,162,3,506
3,128,-2,488,526,10,148,507
160,3,-2,369,402,162,3,508
158,3,-2,312,334,10,148,509
208,3,-2,304,346,162,148,510
3,58,-2,463,629,210,3,511
3,58,-2,265,314,210,3,512
158,3,-2,312,335,10,148,513
158,3,-2,265,313,210,3,514
3,56,-2,213,226,162,3,515
3,128,-2,488,530,10,148,516
158,3,-2,397,478,105,148,517
208,3,-2,307,373,210,3,518
12,148,-2,311,341,162,3,519
160,3,-2,201,223,105,148,520
208,3,-2,243,287,3,40,521
3,58,-2,265,314,210,3,522
12,148,-2,545,661,162,3,523
3,56,-2,33,39,3,42,524
3,56,-2,453,513,210,3,525
160,3,-2,448,624,162,3,526
208,3,-2,243,290,3,40,527
3,128,-2,624,724,162,3,528
160,3,-2,312,360,10,148,529
158,3,-2,193,222,3,40,530
3,128,-2,621,741,162,3,531
3,128,-2,627,719,210,3,532
12,148,-2,311,354,162,3,533
3,58,-2,304,377,10,148,534
160,3,-2,201,224,105,148,535
3,130,-2,375,420,210,3,536
208,3,-2,259,333,162,3,537
158,3,-2,312,334,10,148,538
208,3,-2,360,411,10,148,539
208,3,-2,243,314,3,40,540
158,3,-2,404,444,3,42,541
3,56,-2,585,835,210,3,542
160,3,-2,519,615,3,40,543
164,148,-2,697,897,3,42,544
12,148,-2,311,362,162,3,545
160,3,-2,389,467,3,40,546
164,148,-2,232,232,210,3,547
3,58,-2,331,439,3,42,548
3,58,-2,265,311,210,3,549
3,128,-2,621,783,162,3,550
160,3,-2,312,366,10,148,551
158,3,-2,641,907,210,3,552
160,3,-2,215,248,162,3,553
3,128,-2,621,738,162,3,554
3,56,-2,306,320,10,148,555
3,130,-2,375,413,210,3,556
12,148,-2,311,347,162,3,557
158,3,-2,312,350,10,148,558
3,56,-2,258,280,162,148,559
158,3,-2,193,217,3,40,560
3,130,-2,375,417,210,3,561
3,58,-2,221,281,162,3,562
158,3,-2,570,766,10,148,563
160,3,-2,369,412,162,3,564
164,148,-2,232,238,210,3,565
158,3,-2,509,691,162,3,566
3,58,-2,304,392,10,148,567
208,3,-2,243,309,3,40,568
3,128,-2,697,821,3,42,569
208,3,-2,307,355,210,3,570
12,148,-2,311,345,162,3,571
3,58,-2,265,316,210,3,572
208,3,-2,417,487,162,3,573
208,3,-2,530,749,162,148,574
208,3,-2,243,315,3,40,575
160,3,-2,453,553,210,3,576
208,3,-2,375,468,3,42,577
3,56,-2,391,410,210,3,578
3,58,-2,613,1059,162,3,579
160,3,-2,542,656,10,148,580
12,148,-2,311,341,162,3,581
3,58,-2,488,625,162,148,582
208,3,-2,243,323,3,40,583
3,58,-2,331,433,3,42,584
3,58,-2,651,1090,210,3,585
3,58,-2,215,253,162,3,586
3,128,-2,633,802,3,40,587
3,58,-2,265,311,210,3,588
3,130,-2,121,121,105,148,589
158,3,-2,312,338,10,148,590
3,130,-2,375,412,210,3,591
3,58,-2,221,297,162,3,592
158,3,-2,265,297,210,3,593
3,128,-2,488,517,10,148,594
158,3,-2,193,239,3,40,595
3,128,-2,488,518,10,148,596
160,3,-2,195,199,3,40,597
158,3,-2,217,246,162,3,598
160,3,-2,258,318,162,148,599
160,3,-2,195,199,3,40,600
160,3,-2,263,319,210,3,601
3,128,-2,624,746,162,3,602
158,3,-2,312,339,10,148,603
164,148,-2,310,336,3,42,604
160,3,-2,448,611,162,3,605
160,3,-2,455,607,210,3,606
208,3,-2,417,560,162,3,607
160,3,-2,195,252,3,40,608
3,56,-2,33,35,3,42,609
208,3,-2,437,523,210,3,610
160,3,-2,312,341,10,148,611
208,3,-2,316,384,3,42,612
208,3,-2,243,265,210,3,613
3,128,-2,488,544,10,148,614
158,3,-2,427,489,3,40,615
160,3,-2,263,290,210,3,616
3,128,-2,331,354,162,3,617
3,58,-2,265,321,210,3,618
3,56,-2,201,245,105,148,619
164,148,-2,232,234,210,3,620
208,3,-2,453,562,162,3,621
3,58,-2,265,320,210,3,622
12,148,-2,311,343,162,3,623
3,128,-2,488,542,10,148,624
3,130,-2,375,412,210,3,625
158,3,-2,312,335,10,148,626
160,3,-2,195,195,3,40,627
208,3,-2,375,479,3,42,628
3,58,-2,265,326,210,3,629
208,3,-2,304,340,162,148,630
160,3,-2,263,297,210,3,631
160,3,-2,263,298,210,3,632
3,58,-2,265,324,210,3,633
12,148,-2,311,343,162,3,634
3,56,-2,393,462,105,148,635
158,3,-2,391,549,3,40,636
3,56,-2,419,472,162,3,637
208,3,-2,360,486,10,148,638
3,128,-2,511,637,105,148,639
160,3,-2,258,292,162,148,640
158,3,-2,217,245,162,3,641
3,58,-2,395,549,105,148,642
208,3,-2,243,314,3,40,643
3,56,-2,33,47,3,42,644
3,58,-2,265,323,210,3,645
3,58,-2,507,652,162,3,646
3,128,-2,622,772,10,148,647
3,58,-2,199,247,105,148,648
3,130,-2,375,410,210,3,649
208,3,-2,360,428,10,148,650
158,3,-2,265,295,210,3,651
158,3,-2,347,412,162,3,652
3,130,-2,375,412,210,3,653
3,128,-2,488,584,10,148,654
12,148,-2,130,134,105,148,655
3,128,-2,434,478,162,148,656
164,148,-2,310,318,3,42,657
3,128,-2,488,586,10,148,658
3,130,-2,375,412,210,3,659
3,58,-2,215,283,162,3,660
3,58,-2,265,334,210,3,661
208,3,-2,259,321,162,3,662
12,148,-2,311,381,162,3,663
158,3,-2,312,330,10,148,664
3,58,-2,331,444,3,42,665
164,148,-2,232,237,210,3,666
158,3,-2,312,331,10,148,667
3,130,-2,375,409,210,3,668
12,148,-2,311,381,162,3,669
158,3,-2,312,369,10,148,670
208,3,-2,199,233,162,3,671
3,130,-2,888,1233,10,148,672
3,56,-2,458,500,162,148,673
208,3,-2,477,617,3,40,674
208,3,-2,375,509,3,42,675
3,128,-2,922,1133,210,3,676
12,148,-2,311,382,162,3,677
160,3,-2,700,1022,10,148,678
164,148,-2,232,233,210,3,679
3,58,-2,215,292,162,3,680
208,3,-2,243,309,3,40,681
160,3,-2,268,314,3,42,682
158,3,-2,193,237,3,40,683
208,3,-2,316,360,3,42,684
3,128,-2,375,440,210,3,685
12,148,-2,311,384,162,3,686
160,3,-2,312,341,10,148,687
160,3,-2,195,250,3,40,688
3,56,-2,33,35,3,42,689
164,148,-2,232,233,210,3,690
3,128,-2,624,787,162,3,691
158,3,-2,427,535,3,40,692
208,3,-2,825,1168,210,3,693
208,3,-2,497,631,210,3,694
158,3,-2,347,459,162,3,695
3,130,-2,178,183,162,148,696
3,130,-2,375,401,210,3,697
12,148,-2,311,397,162,3,698
158,3,-2,310,352,10,148,699
158,3,-2,195,213,3,40,700
3,58,-2,265,359,210,3,701
208,3,-2,259,334,162,3,702
160,3,-2,672,926,10,148,703
158,3,-2,193,248,3,40,704
208,3,-2,243,283,210,3,705
208,3,-2,259,324,162,3,706
3,130,-2,375,402,210,3,707
3,128,-2,488,589,10,148,708
3,58,-2,199,245,105,148,709
3,130,-2,122,134,3,42,710
158,3,-2,312,357,10,148,711
160,3,-2,195,244,3,40,712
3,56,-2,33,36,3,42,713
208,3,-2,259,324,162,3,714
3,128,-2,488,596,10,148,715
160,3,-2,706,1008,162,148,716
208,3,-2,243,303,3,40,717
3,130,-2,375,402,210,3,718
158,3,-2,310,349,10,148,719
3,130,-2,375,406,210,3,720
3,128,-2,583,664,162,3,721
3,58,-2,199,246,105,148,722
164,148,-2,232,234,210,3,723
3,58,-2,215,298,162,3,724
160,3,-2,258,305,162,148,725
160,3,-2,195,195,3,40,726
3,128,-2,754,950,3,42,727
208,3,-2,307,351,210,3,728
208,3,-2,243,286,210,3,729
208,3,-2,304,360,162,148,730
160,3,-2,195,207,3,40,731
208,3,-2,501,769,210,3,732
12,148,-2,130,136,105,148,733
3,128,-2,488,596,10,148,734
158,3,-2,262,316,162,148,735
3,56,-2,33,44,3,42,736
158,3,-2,459,597,210,3,737
208,3,-2,417,489,162,3,738
158,3,-2,312,351,10,148,739
158,3,-2,783,1105,210,3,740
208,3,-2,304,367,162,148,741
3,130,-2,375,399,210,3,742
160,3,-2,312,338,10,148,743
164,148,-2,232,232,210,3,744
3,128,-2,331,348,162,3,745
158,3,-2,312,358,10,148,746
3,56,-2,401,439,105,148,747
208,3,-2,304,366,162,148,748
158,3,-2,195,212,3,40,749
3,128,-2,445,504,3,42,750
164,148,-2,232,234,210,3,751
158,3,-2,310,353,10,148,752
160,3,-2,195,257,3,40,753
164,148,-2,232,234,210,3,754
3,128,-2,434,462,162,148,755
164,148,-2,232,235,210,3,756
3,58,-2,215,309,162,3,757
3,58,-2,544,806,10,148,758
12,148,-2,637,843,210,3,759
12,148,-2,311,389,162,3,760
3,56,-2,33,41,3,42,761
158,3,-2,265,314,210,3,762
158,3,-2,367,389,162,3,763
3,128,-2,488,594,10,148,764
208,3,-2,477,641,3,40,765
160,3,-2,542,715,10,148,766
158,3,-2,649,1041,210,3,767
208,3,-2,259,327,162,3,768
160,3,-2,312,349,10,148,769
208,3,-2,433,607,3,40,770
3,56,-2,504,748,10,148,771
160,3,-2,258,304,162,148,772
208,3,-2,599,1005,3,40,773
208,3,-2,758,1101,3,42,774
164,148,-2,232,232,210,3,775
208,3,-2,550,1006,10,148,776
208,3,-2,243,313,3,40,777
160,3,-2,312,392,10,148,778
208,3,-2,243,313,3,40,779
3,128,-2,641,834,3,42,780
158,3,-2,265,311,210,3,781
208,3,-2,417,519,162,3,782
158,3,-2,193,233,3,40,783
3,128,-2,434,521,162,148,784
3,58,-2,331,458,3,42,785
3,56,-2,306,319,10,148,786
208,3,-2,316,393,3,42,787
160,3,-2,455,613,210,3,788
208,3,-2,259,319,162,3,789
3,128,-2,750,1069,10,148,790
158,3,-2,193,232,3,40,791
3,58,-2,331,466,3,42,792
208,3,-2,243,282,210,3,793
208,3,-2,304,350,162,148,794
12,148,-2,131,159,3,42,795
164,148,-2,232,236,210,3,796
12,148,-2,311,377,162,3,797
160,3,-2,312,364,10,148,798
164,148,-2,240,246,210,3,799
12,148,-2,371,455,3,40,800
164,148,-2,196,207,162,3,801
3,128,-2,331,399,162,3,802
3,128,-2,434,517,162,148,803
3,130,-2,453,485,3,42,804
160,3,-2,455,607,210,3,805
158,3,-2,312,349,10,148,806
3,128,-2,434,518,162,148,807
3,56,-2,455,533,210,3,808
12,148,-2,311,379,162,3,809
160,3,-2,312,361,10,148,810
158,3,-2,488,704,162,148,811
3,130,-2,122,153,3,42,812
160,3,-2,263,293,210,3,813
3,128,-2,375,413,210,3,814
158,3,-2,265,324,210,3,815
3,130,-2,121,125,105,148,816
3,128,-2,434,520,162,148,817
158,3,-2,193,241,3,40,818
208,3,-2,307,375,210,3,819
208,3,-2,496,747,162,3,820
3,130,-2,375,393,210,3,821
160,3,-2,369,430,162,3,822
158,3,-2,193,241,3,40,823
3,128,-2,445,573,3,42,824
3,56,-2,505,684,162,3,825
158,3,-2,310,381,10,148,826
3,58,-2,215,306,162,3,827
3,128,-2,445,574,3,42,828
3,58,-2,265,387,210,3,829
3,58,-2,544,804,10,148,830
3,128,-2,505,637,3,40,831
160,3,-2,455,599,210,3,832
208,3,-2,304,370,162,148,833
3,56,-2,517,739,3,40,834
164,148,-2,232,234,210,3,835
208,3,-2,417,537,162,3,836
3,130,-2,121,125,105,148,837
158,3,-2,193,237,3,40,838
164,148,-2,232,236,210,3,839
3,58,-2,304,390,10,148,840
164,148,-2,232,236,210,3,841
3,128,-2,434,530,162,148,842
160,3,-2,195,221,3,40,843
3,128,-2,505,637,3,40,844
3,130,-2,122,158,3,42,845
164,148,-2,232,235,210,3,846
3,128,-2,488,576,10,148,847
3,56,-2,201,214,105,148,848
3,130,-2,122,158,3,42,849
158,3,-2,459,659,210,3,850
3,128,-2,123,126,105,148,851
160,3,-2,455,601,210,3,852
160,3,-2,215,259,162,3,853
208,3,-2,626,1028,162,148,854
3,56,-2,33,63,3,42,855
3,130,-2,375,393,210,3,856
3,58,-2,304,390,10,148,857
3,56,-2,201,215,105,148,858
3,130,-2,375,395,210,3,859
158,3,-2,312,337,10,148,860
3,130,-2,122,156,3,42,861
3,130,-2,375,395,210,3,862
3,58,-2,221,313,162,3,863
158,3,-2,312,338,10,148,864
3,130,-2,178,197,162,148,865
3,130,-2,375,395,210,3,866
158,3,-2,367,414,162,3,867
158,3,-2,265,337,210,3,868
208,3,-2,259,301,162,3,869
3,58,-2,215,303,162,3,870
158,3,-2,205,249,105,148,871
208,3,-2,304,365,162,148,872
3,130,-2,122,170,3,42,873
3,130,-2,375,393,210,3,874
3,128,-2,180,216,162,148,875
160,3,-2,195,234,3,40,876
3,128,-2,120,156,3,42,877
164,148,-2,232,240,210,3,878
208,3,-2,259,319,162,3,879
208,3,-2,437,573,210,3,880
158,3,-2,217,274,162,3,881
158,3,-2,310,394,10,148,882
164,148,-2,232,241,210,3,883
3,58,-2,215,319,162,3,884
3,56,-2,261,285,210,3,885
208,3,-2,417,528,162,3,886
158,3,-2,312,336,10,148,887
208,3,-2,304,384,162,148,888
3,130,-2,375,391,210,3,889
208,3,-2,417,529,162,3,890
3,56,-2,306,372,10,148,891
3,128,-2,123,127,105,148,892
3,130,-2,375,392,210,3,893
208,3,-2,417,529,162,3,894
158,3,-2,310,400,10,148,895
160,3,-2,389,523,3,40,896
208,3,-2,259,320,162,3,897
158,3,-2,265,357,210,3,898
3,128,-2,708,841,162,3,899
12,148,-2,131,189,3,42,900
3,58,-2,511,802,162,3,901
3,58,-2,688,1014,10,148,902
208,3,-2,304,391,162,148,903
160,3,-2,635,929,162,3,904
160,3,-2,506,851,10,148,905
3,128,-2,568,719,162,148,906
12,148,-2,311,364,162,3,907
164,148,-2,232,237,210,3,908
3,58,-2,215,328,162,3,909
160,3,-2,312,332,10,148,910
160,3,-2,201,241,105,148,911
208,3,-2,243,308,3,40,912
3,128,-2,445,591,3,42,913
3,130,-2,375,387,210,3,914
208,3,-2,360,476,10,148,915
3,128,-2,375,428,210,3,916
160,3,-2,312,344,10,148,917
158,3,-2,193,240,3,40,918
160,3,-2,462,822,3,42,919
160,3,-2,312,344,10,148,920
3,128,-2,434,536,162,148,921
208,3,-2,375,527,3,42,922
3,58,-2,265,379,210,3,923
12,148,-2,311,361,162,3,924
160,3,-2,312,347,10,148,925
3,58,-2,265,381,210,3,926
3,58,-2,221,341,162,3,927
164,148,-2,232,235,210,3,928
3,58,-2,389,537,3,40,929
3,58,-2,265,389,210,3,930
3,56,-2,407,601,162,3,931
160,3,-2,312,470,10,148,932
160,3,-2,498,751,3,42,933
164,148,-2,232,234,210,3,934
164,148,-2,232,234,210,3,935
208,3,-2,243,301,210,3,936
158,3,-2,312,347,10,148,937
208,3,-2,417,592,162,3,938
158,3,-2,193,254,3,40,939
3,130,-2,375,377,210,3,940
160,3,-2,312,470,10,148,941
12,148,-2,131,180,3,42,942
3,130,-2,375,377,210,3,943
3,128,-2,331,370,162,3,944
3,128,-2,488,570,10,148,945
158,3,-2,265,341,210,3,946
158,3,-2,446,718,162,3,947
160,3,-2,312,469,10,148,948
3,56,-2,455,692,210,3,949
208,3,-2,259,363,162,3,950
208,3,-2,496,701,162,3,951
3,58,-2,304,427,10,148,952
3,58,-2,265,383,210,3,953
208,3,-2,360,471,10,148,954
3,58,-2,497,844,3,42,955
164,148,-2,232,232,210,3,956
208,3,-2,243,313,3,40,957
158,3,-2,312,350,10,148,958
3,130,-2,121,127,105,148,959
208,3,-2,243,313,3,40,960
3,58,-2,265,381,210,3,961
208,3,-2,360,470,10,148,962
3,130,-2,121,132,105,148,963
3,58,-2,265,382,210,3,964
12,148,-2,311,367,162,3,965
160,3,-2,393,518,210,3,966
208,3,-2,360,470,10,148,967
3,56,-2,329,423,3,42,968
160,3,-2,312,334,10,148,969
3,128,-2,434,526,162,148,970
208,3,-2,243,311,3,40,971
3,128,-2,375,482,210,3,972
3,58,-2,215,333,162,3,973
160,3,-2,263,355,210,3,974
158,3,-2,312,353,10,148,975
158,3,-2,195,202,3,40,976
164,148,-2,232,233,210,3,977
208,3,-2,580,843,162,3,978
3,128,-2,488,588,10,148,979
208,3,-2,417,535,162,3,980
208,3,-2,360,512,10,148,981
3,56,-2,201,221,105,148,982
3,130,-2,375,379,210,3,983
12,148,-2,311,363,162,3,984
160,3,-2,312,346,10,148,985
3,128,-2,123,160,105,148,986
3,58,-2,331,500,3,42,987
3,58,-2,506,857,10,148,988
158,3,-2,333,501,3,42,989
12,148,-2,311,385,162,3,990
158,3,-2,195,200,3,40,991
208,3,-2,417,554,162,3,992
3,128,-2,488,586,10,148,993
160,3,-2,258,331,162,148,994
164,148,-2,232,233,210,3,995
158,3,-2,508,900,10,148,996
3,56,-2,201,217,105,148,997
3,56,-2,261,320,210,3,998
12,148,-2,131,201,3,42,999
164,148,-2,232,234,210,3,1000
12,148,-2,311,383,162,3,1001
160,3,-2,312,342,10,148,1002
3,58,-2,265,377,210,3,1003
3,58,-2,409,695,162,3,1004
3,128,-2,488,607,10,148,1005
208,3,-2,243,323,3,40,1006
3,58,-2,511,783,162,3,1007
3,130,-2,515,580,210,3,1008
164,148,-2,232,232,210,3,1009
3,128,-2,1000,1243,162,3,1010
3,128,-2,488,607,10,148,1011
3,58,-2,265,405,210,3,1012
208,3,-2,496,687,162,3,1013
3,128,-2,488,611,10,148,1014
3,128,-2,488,612,10,148,1015
3,130,-2,375,399,210,3,1016
208,3,-2,417,623,162,3,1017
3,58,-2,507,825,162,3,1018
3,58,-2,199,309,105,148,1019
3,128,-2,434,530,162,148,1020
208,3,-2,243,318,3,40,1021
12,148,-2,822,1104,162,3,1022
164,148,-2,232,237,210,3,1023
158,3,-2,509,768,162,3,1024
3,58,-2,265,404,210,3,1025
158,3,-2,446,697,162,3,1026
3,128,-2,488,608,10,148,1027
3,56,-2,484,668,162,148,1028
158,3,-2,193,227,3,40,1029
164,148,-2,232,240,210,3,1030
208,3,-2,360,516,10,148,1031
160,3,-2,461,743,3,42,1032
3,130,-2,375,395,210,3,1033
12,148,-2,311,375,162,3,1034
158,3,-2,367,448,162,3,1035
160,3,-2,201,246,105,148,1036
208,3,-2,307,409,210,3,1037
3,58,-2,215,347,162,3,1038
12,148,-2,383,491,105,148,1039
164,148,-2,232,242,210,3,1040
164,148,-2,232,243,210,3,1041
12,148,-2,311,385,162,3,1042
158,3,-2,195,216,3,40,1043
164,148,-2,232,244,210,3,1044
158,3,-2,509,814,162,3,1045
160,3,-2,312,325,10,148,1046
208,3,-2,375,533,3,42,1047
3,58,-2,265,398,210,3,1048
3,130,-2,178,207,162,148,1049
208,3,-2,243,311,3,40,1050
208,3,-2,360,555,10,148,1051
164,148,-2,232,242,210,3,1052
208,3,-2,304,406,162,148,1053
208,3,-2,243,322,3,40,1054
158,3,-2,525,905,210,3,1055
3,128,-2,375,477,210,3,1056
12,148,-2,311,382,162,3,1057
3,56,-2,306,350,10,148,1058
160,3,-2,195,247,3,40,1059
3,130,-2,375,387,210,3,1060
3,128,-2,621,817,162,3,1061
3,58,-2,488,754,162,148,1062
160,3,-2,195,204,3,40,1063
208,3,-2,375,560,3,42,1064
3,130,-2,375,387,210,3,1065
3,128,-2,331,449,162,3,1066
160,3,-2,542,753,10,148,1067
3,130,-2,178,207,162,148,1068
208,3,-2,307,449,210,3,1069
208,3,-2,243,328,3,40,1070
12,148,-2,131,184,3,42,1071
164,148,-2,232,240,210,3,1072
3,130,-2,375,401,210,3,1073
12,148,-2,311,377,162,3,1074
3,58,-2,304,413,10,148,1075
208,3,-2,243,329,3,40,1076
12,148,-2,131,183,3,42,1077
164,148,-2,232,238,210,3,1078
3,128,-2,488,596,10,148,1079
160,3,-2,195,213,3,40,1080
3,128,-2,445,592,3,42,1081
164,148,-2,232,241,210,3,1082
158,3,-2,265,381,210,3,1083
3,128,-2,624,759,162,3,1084
160,3,-2,201,287,105,148,1085
160,3,-2,258,360,162,148,1086
3,58,-2,265,412,210,3,1087
12,148,-2,311,392,162,3,1088
164,148,-2,232,240,210,3,1089
12,148,-2,311,393,162,3,1090
3,56,-2,306,343,10,148,1091
3,58,-2,572,712,210,3,1092
3,130,-2,375,396,210,3,1093
164,148,-2,232,239,210,3,1094
208,3,-2,417,641,162,3,1095
3,130,-2,178,212,162,148,1096
160,3,-2,195,249,3,40,1097
3,130,-2,375,398,210,3,1098
208,3,-2,417,630,162,3,1099
3,58,-2,544,836,10,148,1100
208,3,-2,304,423,162,148,1101
3,58,-2,265,408,210,3,1102
208,3,-2,199,292,162,3,1103
158,3,-2,195,219,3,40,1104
3,130,-2,383,407,210,3,1105
12,148,-2,311,391,162,3,1106
158,3,-2,310,446,10,148,1107
160,3,-2,201,275,105,148,1108
164,148,-2,232,237,210,3,1109
158,3,-2,310,446,10,148,1110
208,3,-2,307,421,210,3,1111
208,3,-2,243,317,3,40,1112
3,130,-2,375,394,210,3,1113
160,3,-2,195,251,3,40,1114
3,130,-2,375,399,210,3,1115
3,128,-2,507,642,210,3,1116
208,3,-2,417,661,162,3,1117
12,148,-2,311,387,162,3,1118
3,128,-2,488,600,10,148,1119
3,128,-2,331,439,162,3,1120
158,3,-2,193,213,3,40,1121
208,3,-2,243,339,3,40,1122
164,148,-2,232,233,210,3,1123
12,148,-2,311,408,162,3,1124
3,128,-2,488,608,10,148,1125
3,58,-2,256,369,162,148,1126
164,148,-2,232,234,210,3,1127
12,148,-2,311,414,162,3,1128
3,130,-2,121,127,105,148,1129
3,128,-2,445,609,3,42,1130
3,58,-2,265,401,210,3,1131
3,130,-2,178,216,162,148,1132
208,3,-2,243,335,3,40,1133
12,148,-2,131,187,3,42,1134
3,128,-2,375,461,210,3,1135
12,148,-2,311,417,162,3,1136
3,128,-2,654,795,10,148,1137
164,148,-2,310,362,3,42,1138
3,130,-2,375,393,210,3,1139
3,58,-2,544,860,10,148,1140
3,130,-2,121,126,105,148,1141
164,148,-2,232,232,210,3,1142
160,3,-2,507,762,162,3,1143
3,130,-2,121,130,105,148,1144
160,3,-2,195,218,3,40,1145
12,148,-2,131,225,3,42,1146
208,3,-2,307,573,210,3,1147
3,56,-2,306,377,10,148,1148
3,130,-2,375,394,210,3,1149
12,148,-2,383,520,105,148,1150
3,56,-2,258,304,162,148,1151
208,3,-2,243,333,210,3,1152
158,3,-2,367,425,162,3,1153
208,3,-2,304,427,162,148,1154
208,3,-2,496,804,162,3,1155
208,3,-2,304,410,162,148,1156
12,148,-2,311,415,162,3,1157
208,3,-2,360,543,10,148,1158
3,58,-2,461,794,3,42,1159
158,3,-2,312,336,10,148,1160
3,128,-2,434,530,162,148,1161
3,130,-2,375,395,210,3,1162
3,58,-2,507,871,162,3,1163
3,58,-2,506,912,10,148,1164
164,148,-2,232,232,210,3,1165
12,148,-2,488,712,10,148,1166
12,148,-2,131,220,3,42,1167
12,148,-2,443,603,210,3,1168
12,148,-2,743,1023,162,3,1169
158,3,-2,312,335,10,148,1170
3,130,-2,375,393,210,3,1171
208,3,-2,389,767,162,3,1172
208,3,-2,586,909,10,148,1173
12,148,-2,131,219,3,42,1174
164,148,-2,232,232,210,3,1175
160,3,-2,312,525,10,148,1176
3,128,-2,180,241,162,148,1177
164,148,-2,232,232,210,3,1178
12,148,-2,311,412,162,3,1179
208,3,-2,375,705,3,42,1180
3,58,-2,265,392,210,3,1181
3,128,-2,123,123,105,148,1182
164,148,-2,232,237,210,3,1183
12,148,-2,311,415,162,3,1184
3,128,-2,488,624,10,148,1185
160,3,-2,195,207,3,40,1186
164,148,-2,232,239,210,3,1187
12,148,-2,440,585,162,148,1188
3,130,-2,375,389,210,3,1189
3,58,-2,335,593,3,42,1190
3,58,-2,215,382,162,3,1191
160,3,-2,312,535,10,148,1192
208,3,-2,304,535,162,148,1193
208,3,-2,243,333,3,40,1194
3,130,-2,375,392,210,3,1195
3,130,-2,375,400,210,3,1196
208,3,-2,243,351,3,40,1197
164,148,-2,232,236,210,3,1198
158,3,-2,217,373,162,3,1199
12,148,-2,311,411,162,3,1200
3,58,-2,265,396,210,3,1201
3,130,-2,375,398,210,3,1202
3,130,-2,375,399,210,3,1203
160,3,-2,312,324,10,148,1204
3,56,-2,261,323,210,3,1205
160,3,-2,258,378,162,148,1206
160,3,-2,195,245,3,40,1207
12,148,-2,444,696,3,42,1208
3,128,-2,488,618,10,148,1209
160,3,-2,312,324,10,148,1210
208,3,-2,360,527,10,148,1211
208,3,-2,304,464,162,148,1212
12,148,-2,371,447,3,40,1213
164,148,-2,232,234,210,3,1214
158,3,-2,312,334,10,148,1215
208,3,-2,530,846,162,148,1216
3,128,-2,434,556,162,148,1217
158,3,-2,195,208,3,40,1218
3,58,-2,265,387,210,3,1219
208,3,-2,243,343,3,40,1220
160,3,-2,331,462,3,42,1221
3,128,-2,488,616,10,148,1222
12,148,-2,131,199,3,42,1223
3,58,-2,393,677,210,3,1224
208,3,-2,243,347,3,40,1225
158,3,-2,680,871,162,3,1226
208,3,-2,243,333,3,40,1227
208,3,-2,313,492,3,42,1228
158,3,-2,265,434,210,3,1229
208,3,-2,199,270,162,3,1230
158,3,-2,312,328,10,148,1231
158,3,-2,195,207,3,40,1232
3,58,-2,265,397,210,3,1233
158,3,-2,312,330,10,148,1234
3,58,-2,265,400,210,3,1235
3,128,-2,758,996,162,3,1236
208,3,-2,360,521,10,148,1237
3,56,-2,201,239,105,148,1238
160,3,-2,389,657,3,40,1239
164,148,-2,232,234,210,3,1240
158,3,-2,367,405,162,3,1241
3,58,-2,304,421,10,148,1242
160,3,-2,263,335,210,3,1243
160,3,-2,345,579,162,3,1244
158,3,-2,312,328,10,148,1245
3,128,-2,123,129,105,148,1246
3,58,-2,488,781,162,148,1247
160,3,-2,263,345,210,3,1248
3,128,-2,444,601,3,42,1249
164,148,-2,232,233,210,3,1250
3,130,-2,339,377,162,3,1251
208,3,-2,243,361,3,40,1252
3,128,-2,622,849,10,148,1253
158,3,-2,312,328,10,148,1254
3,58,-2,488,778,162,148,1255
158,3,-2,195,217,3,40,1256
160,3,-2,369,414,162,3,1257
3,130,-2,121,148,105,148,1258
3,128,-2,444,604,3,42,1259
158,3,-2,312,333,10,148,1260
160,3,-2,201,346,105,148,1261
12,148,-2,131,196,3,42,1262
208,3,-2,307,444,210,3,1263
164,148,-2,196,206,162,3,1264
164,148,-2,196,206,162,3,1265
158,3,-2,265,422,210,3,1266
3,58,-2,507,831,162,3,1267
164,148,-2,232,238,210,3,1268
3,128,-2,488,601,10,148,1269
12,148,-2,131,193,3,42,1270
208,3,-2,437,722,210,3,1271
3,128,-2,488,603,10,148,1272
3,128,-2,434,541,162,148,1273
12,148,-2,131,193,3,42,1274
12,148,-2,443,601,210,3,1275
158,3,-2,312,346,10,148,1276
158,3,-2,703,933,162,3,1277
158,3,-2,310,524,10,148,1278
208,3,-2,304,473,162,148,1279
158,3,-2,195,214,3,40,1280
12,148,-2,131,202,3,42,1281
160,3,-2,195,202,3,40,1282
3,130,-2,375,377,210,3,1283
3,128,-2,622,875,10,148,1284
3,58,-2,636,924,162,148,1285
160,3,-2,263,349,210,3,1286
3,56,-2,329,525,3,42,1287
3,130,-2,375,378,210,3,1288
3,58,-2,215,342,162,3,1289
12,148,-2,311,378,162,3,1290
164,148,-2,232,236,210,3,1291
12,148,-2,371,496,3,40,1292
3,128,-2,488,607,10,148,1293
158,3,-2,193,237,3,40,1294
164,148,-2,196,224,162,3,1295
158,3,-2,310,539,10,148,1296
3,58,-2,199,312,105,148,1297
158,3,-2,193,237,3,40,1298
3,130,-2,375,387,210,3,1299
208,3,-2,327,489,162,3,1300
3,58,-2,733,974,3,40,1301
3,130,-2,375,387,210,3,1302
3,58,-2,544,803,10,148,1303
3,128,-2,180,222,162,148,1304
160,3,-2,268,498,3,42,1305
164,148,-2,232,233,210,3,1306
164,148,-2,232,235,210,3,1307
3,128,-2,881,1103,162,3,1308
208,3,-2,304,461,162,148,1309
164,148,-2,232,238,210,3,1310
3,58,-2,511,829,162,3,1311
164,148,-2,232,241,210,3,1312
158,3,-2,310,533,10,148,1313
12,148,-2,131,193,3,42,1314
3,130,-2,375,385,210,3,1315
3,58,-2,637,896,162,3,1316
3,128,-2,488,598,10,148,1317
3,130,-2,178,188,162,148,1318
208,3,-2,243,353,3,40,1319
12,148,-2,131,185,3,42,1320
3,130,-2,375,391,210,3,1321
160,3,-2,542,754,10,148,1322
3,58,-2,256,378,162,148,1323
3,58,-2,335,607,3,42,1324
3,58,-2,265,389,210,3,1325
158,3,-2,310,531,10,148,1326
3,128,-2,445,555,3,42,1327
12,148,-2,311,419,162,3,1328
164,148,-2,232,239,210,3,1329
160,3,-2,637,881,162,3,1330
164,148,-2,232,241,210,3,1331
12,148,-2,311,419,162,3,1332
3,128,-2,488,595,10,148,1333
160,3,-2,201,339,105,148,1334
3,130,-2,375,391,210,3,1335
3,58,-2,440,613,162,3,1336
160,3,-2,312,551,10,148,1337
158,3,-2,193,231,3,40,1338
3,128,-2,444,580,3,42,1339
3,130,-2,375,393,210,3,1340
3,56,-2,261,411,210,3,1341
3,128,-2,1000,1266,162,3,1342
3,58,-2,260,416,3,42,1343
158,3,-2,217,381,162,3,1344
160,3,-2,312,323,10,148,1345
3,128,-2,434,537,162,148,1346
208,3,-2,563,919,3,40,1347
3,56,-2,201,267,105,148,1348
160,3,-2,195,285,3,40,1349
3,56,-2,261,374,210,3,1350
3,128,-2,790,963,162,3,1351
158,3,-2,193,269,3,40,1352
160,3,-2,395,706,105,148,1353
160,3,-2,258,407,162,148,1354
12,148,-2,131,195,3,42,1355
3,128,-2,537,651,210,3,1356
3,130,-2,375,387,210,3,1357
158,3,-2,509,776,162,3,1358
208,3,-2,243,355,3,40,1359
3,58,-2,265,395,210,3,1360
3,128,-2,621,836,162,3,1361
3,56,-2,329,525,3,42,1362
158,3,-2,265,449,210,3,1363
3,128,-2,331,435,162,3,1364
208,3,-2,304,442,162,148,1365
3,128,-2,684,763,3,40,1366
3,128,-2,375,487,210,3,1367
158,3,-2,312,370,10,148,1368
3,128,-2,654,770,10,148,1369
208,3,-2,243,374,3,40,1370
3,130,-2,375,385,210,3,1371
12,148,-2,311,407,162,3,1372
3,128,-2,488,594,10,148,1373
160,3,-2,201,358,105,148,1374
3,58,-2,265,394,210,3,1375
158,3,-2,310,540,10,148,1376
160,3,-2,312,601,10,148,1377
208,3,-2,243,398,3,40,1378
3,58,-2,265,393,210,3,1379
164,148,-2,232,234,210,3,1380
208,3,-2,360,521,10,148,1381
3,130,-2,375,390,210,3,1382
158,3,-2,217,376,162,3,1383
3,58,-2,304,518,10,148,1384
160,3,-2,312,543,10,148,1385
3,128,-2,434,526,162,148,1386
208,3,-2,243,404,3,40,1387
3,56,-2,261,396,210,3,1388
3,130,-2,467,578,162,3,1389
3,128,-2,488,589,10,148,1390
160,3,-2,258,419,162,148,1391
3,58,-2,567,860,3,40,1392
3,58,-2,265,391,210,3,1393
160,3,-2,195,199,3,40,1394
160,3,-2,331,533,3,42,1395
3,56,-2,213,361,162,3,1396
3,58,-2,304,522,10,148,1397
160,3,-2,258,419,162,148,1398
3,128,-2,507,781,210,3,1399
208,3,-2,647,948,162,3,1400
208,3,-2,680,903,10,148,1401
3,56,-2,261,389,210,3,1402
3,58,-2,304,525,10,148,1403
208,3,-2,243,364,3,40,1404
3,58,-2,265,451,210,3,1405
3,128,-2,488,586,10,148,1406
208,3,-2,243,367,3,40,1407
3,130,-2,375,384,210,3,1408
12,148,-2,311,410,162,3,1409
160,3,-2,312,352,10,148,1410
158,3,-2,195,196,3,40,1411
164,148,-2,232,235,210,3,1412
208,3,-2,389,700,162,3,1413
208,3,-2,304,427,162,148,1414
158,3,-2,195,199,3,40,1415
3,58,-2,265,449,210,3,1416
208,3,-2,243,369,3,40,1417
12,148,-2,131,173,3,42,1418
208,3,-2,316,507,3,42,1419
3,130,-2,375,383,210,3,1420
160,3,-2,507,731,162,3,1421
208,3,-2,304,427,162,148,1422
3,56,-2,261,428,210,3,1423
158,3,-2,193,275,3,40,1424
158,3,-2,217,470,162,3,1425
160,3,-2,312,358,10,148,1426
160,3,-2,195,199,3,40,1427
158,3,-2,446,634,162,3,1428
158,3,-2,312,358,10,148,1429
164,148,-2,232,236,210,3,1430
160,3,-2,345,625,162,3,1431
208,3,-2,360,569,10,148,1432
208,3,-2,259,583,162,3,1433
158,3,-2,195,199,3,40,1434
3,130,-2,375,382,210,3,1435
208,3,-2,259,583,162,3,1436
3,130,-2,375,384,210,3,1437
158,3,-2,310,519,10,148,1438
208,3,-2,243,361,3,40,1439
3,58,-2,265,475,210,3,1440
158,3,-2,581,853,105,148,1441
164,148,-2,232,238,210,3,1442
12,148,-2,311,384,162,3,1443
160,3,-2,195,199,3,40,1444
3,130,-2,375,383,210,3,1445
160,3,-2,312,548,10,148,1446
158,3,-2,195,205,3,40,1447
164,148,-2,196,200,162,3,1448
160,3,-2,312,360,10,148,1449
158,3,-2,193,270,3,40,1450
3,58,-2,265,474,210,3,1451
3,128,-2,488,587,10,148,1452
12,148,-2,131,201,3,42,1453
164,148,-2,232,236,210,3,1454
3,58,-2,304,494,10,148,1455
12,148,-2,311,396,162,3,1456
160,3,-2,312,549,10,148,1457
158,3,-2,262,463,162,148,1458
158,3,-2,195,204,3,40,1459
3,128,-2,375,485,210,3,1460
160,3,-2,312,522,10,148,1461
208,3,-2,199,387,162,3,1462
208,3,-2,360,512,10,148,1463
208,3,-2,259,573,162,3,1464
12,148,-2,440,657,162,148,1465
3,128,-2,444,566,3,42,1466
164,148,-2,232,233,210,3,1467
12,148,-2,311,389,162,3,1468
208,3,-2,360,652,10,148,1469
164,148,-2,232,234,210,3,1470
164,148,-2,232,234,210,3,1471
208,3,-2,489,785,162,3,1472
158,3,-2,195,207,3,40,1473
3,130,-2,375,376,210,3,1474
158,3,-2,509,740,162,3,1475
160,3,-2,258,420,162,148,1476
12,148,-2,131,194,3,42,1477
164,148,-2,232,234,210,3,1478
12,148,-2,311,392,162,3,1479
160,3,-2,195,275,3,40,1480
3,58,-2,265,474,210,3,1481
160,3,-2,215,352,162,3,1482
158,3,-2,310,505,10,148,1483
3,58,-2,335,671,3,42,1484
3,58,-2,544,779,10,148,1485
208,3,-2,304,426,162,148,1486
158,3,-2,205,453,105,148,1487
3,58,-2,488,744,162,148,1488
160,3,-2,195,199,3,40,1489
164,148,-2,232,232,210,3,1490
158,3,-2,508,699,10,148,1491
160,3,-2,195,273,3,40,1492
3,128,-2,444,577,3,42,1493
3,58,-2,880,1211,3,42,1494
3,128,-2,621,838,162,3,1495
208,3,-2,243,436,3,40,1496
3,128,-2,444,582,3,42,1497
3,58,-2,265,508,210,3,1498
158,3,-2,217,432,162,3,1499
158,3,-2,312,352,10,148,1500
12,148,-2,131,190,3,42,1501
3,130,-2,375,377,210,3,1502
208,3,-2,519,835,162,3,1503
160,3,-2,195,269,3,40,1504
160,3,-2,331,594,3,42,1505
164,148,-2,232,233,210,3,1506
3,58,-2,221,457,162,3,1507
3,58,-2,512,758,10,148,1508
158,3,-2,205,423,105,148,1509
208,3,-2,304,441,162,148,1510
164,148,-2,232,235,210,3,1511
3,130,-2,375,377,210,3,1512
3,130,-2,383,392,210,3,1513
3,128,-2,331,459,162,3,1514
160,3,-2,195,196,3,40,1515
160,3,-2,195,270,3,40,1516
208,3,-2,243,391,210,3,1517
208,3,-2,307,725,210,3,1518
208,3,-2,587,866,162,3,1519
164,148,-2,232,235,210,3,1520
160,3,-2,678,791,162,3,1521
3,58,-2,265,513,210,3,1522
160,3,-2,312,376,10,148,1523
158,3,-2,205,416,105,148,1524
164,148,-2,232,237,210,3,1525
12,148,-2,311,408,162,3,1526
3,128,-2,696,905,105,148,1527
164,148,-2,232,241,210,3,1528
158,3,-2,509,735,162,3,1529
164,148,-2,232,242,210,3,1530
12,148,-2,311,407,162,3,1531
158,3,-2,262,464,162,148,1532
3,130,-2,375,377,210,3,1533
160,3,-2,201,339,105,148,1534
3,128,-2,621,845,162,3,1535
158,3,-2,262,466,162,148,1536
160,3,-2,195,202,3,40,1537
12,148,-2,131,173,3,42,1538
3,58,-2,427,673,210,3,1539
3,56,-2,213,388,162,3,1540
158,3,-2,459,707,210,3,1541
3,128,-2,801,983,10,148,1542
164,148,-2,232,238,210,3,1543
12,148,-2,311,403,162,3,1544
3,130,-2,375,378,210,3,1545
3,56,-2,306,478,10,148,1546
12,148,-2,131,180,3,42,1547
3,130,-2,375,379,210,3,1548
164,148,-2,196,220,162,3,1549
3,58,-2,706,873,10,148,1550
3,58,-2,452,759,162,148,1551
164,148,-2,240,253,210,3,1552
158,3,-2,312,334,10,148,1553
3,130,-2,375,380,210,3,1554
3,58,-2,304,485,10,148,1555
3,130,-2,375,384,210,3,1556
3,128,-2,331,446,162,3,1557
208,3,-2,243,480,3,40,1558
3,58,-2,331,687,3,42,1559
208,3,-2,437,777,210,3,1560
12,148,-2,311,404,162,3,1561
164,148,-2,232,234,210,3,1562
12,148,-2,311,405,162,3,1563
158,3,-2,312,335,10,148,1564
12,148,-2,131,177,3,42,1565
164,148,-2,232,235,210,3,1566
3,130,-2,629,840,162,3,1567
160,3,-2,312,371,10,148,1568
160,3,-2,268,507,3,42,1569
3,130,-2,375,381,210,3,1570
3,58,-2,870,1040,10,148,1571
164,148,-2,232,240,210,3,1572
3,56,-2,213,382,162,3,1573
3,58,-2,304,482,10,148,1574
208,3,-2,243,480,3,40,1575
164,148,-2,232,241,210,3,1576
208,3,-2,304,437,162,148,1577
208,3,-2,243,483,3,40,1578
208,3,-2,453,756,162,3,1579
3,128,-2,488,556,10,148,1580
208,3,-2,496,765,162,148,1581
3,58,-2,265,512,210,3,1582
3,58,-2,511,767,162,3,1583
3,128,-2,488,556,10,148,1584
158,3,-2,488,672,162,148,1585
208,3,-2,243,487,3,40,1586
208,3,-2,313,518,3,42,1587
12,148,-2,311,400,162,3,1588
3,58,-2,304,479,10,148,1589
158,3,-2,205,415,105,148,1590
158,3,-2,262,450,162,148,1591
158,3,-2,195,224,3,40,1592
3,128,-2,575,851,3,42,1593
158,3,-2,833,1036,162,3,1594
3,130,-2,375,376,210,3,1595
12,148,-2,311,398,162,3,1596
208,3,-2,304,398,162,148,1597
208,3,-2,307,584,210,3,1598
3,128,-2,817,1018,162,3,1599
208,3,-2,243,497,3,40,1600
164,148,-2,232,243,210,3,1601
3,128,-2,331,446,162,3,1602
158,3,-2,488,667,162,148,1603
160,3,-2,195,219,3,40,1604
3,128,-2,444,546,3,42,1605
164,148,-2,438,632,210,3,1606
3,128,-2,1000,1201,162,3,1607
160,3,-2,201,372,105,148,1608
12,148,-2,131,166,3,42,1609
208,3,-2,375,691,3,42,1610
208,3,-2,360,572,10,148,1611
3,130,-2,375,378,210,3,1612
3,128,-2,434,512,162,148,1613
164,148,-2,232,241,210,3,1614
3,130,-2,629,827,162,3,1615
164,148,-2,232,244,210,3,1616
208,3,-2,551,764,162,3,1617
3,128,-2,622,807,10,148,1618
208,3,-2,243,475,3,40,1619
3,58,-2,265,537,210,3,1620
208,3,-2,243,475,3,40,1621
160,3,-2,263,462,210,3,1622
158,3,-2,312,328,10,148,1623
12,148,-2,383,595,105,148,1624
208,3,-2,304,395,162,148,1625
3,128,-2,621,813,162,3,1626
12,148,-2,131,158,3,42,1627
158,3,-2,195,207,3,40,1628
3,128,-2,624,661,162,3,1629
3,128,-2,488,547,10,148,1630
12,148,-2,311,385,162,3,1631
3,56,-2,306,451,10,148,1632
3,128,-2,488,555,10,148,1633
160,3,-2,201,366,105,148,1634
160,3,-2,195,245,3,40,1635
3,58,-2,265,525,210,3,1636
12,148,-2,311,386,162,3,1637
208,3,-2,304,393,162,148,1638
3,58,-2,395,669,3,40,1639
3,58,-2,642,758,162,3,1640
158,3,-2,312,321,10,148,1641
3,130,-2,383,390,210,3,1642
164,148,-2,232,232,210,3,1643
3,58,-2,511,745,162,3,1644
158,3,-2,205,408,105,148,1645
12,148,-2,632,829,162,148,1646
12,148,-2,131,171,3,42,1647
208,3,-2,307,579,210,3,1648
3,128,-2,488,551,10,148,1649
12,148,-2,131,175,3,42,1650
208,3,-2,696,992,3,42,1651
3,58,-2,265,541,210,3,1652
12,148,-2,311,381,162,3,1653
3,128,-2,375,469,210,3,1654
3,128,-2,624,652,162,3,1655
208,3,-2,375,681,3,42,1656
3,58,-2,265,521,210,3,1657
3,58,-2,507,737,162,3,1658
158,3,-2,312,347,10,148,1659
3,128,-2,684,725,3,40,1660
3,58,-2,265,523,210,3,1661
3,58,-2,511,740,162,3,1662
3,58,-2,304,451,10,148,1663
3,58,-2,331,684,3,42,1664
3,128,-2,375,468,210,3,1665
208,3,-2,1040,1168,10,148,1666
158,3,-2,262,422,162,148,1667
3,58,-2,335,669,3,42,1668
3,58,-2,265,525,210,3,1669
158,3,-2,217,434,162,3,1670
160,3,-2,312,349,10,148,1671
3,58,-2,265,533,210,3,1672
208,3,-2,243,468,3,40,1673
12,148,-2,311,375,162,3,1674
158,3,-2,310,446,10,148,1675
208,3,-2,243,451,3,40,1676
3,58,-2,265,535,210,3,1677
208,3,-2,496,620,162,3,1678
208,3,-2,360,550,10,148,1679
158,3,-2,195,212,3,40,1680
3,130,-2,375,377,210,3,1681
158,3,-2,589,781,210,3,1682
3,130,-2,339,355,162,3,1683
3,128,-2,488,546,10,148,1684
158,3,-2,509,696,162,3,1685
158,3,-2,333,626,3,42,1686
3,128,-2,331,439,162,3,1687
158,3,-2,312,340,10,148,1688
158,3,-2,488,633,162,148,1689
158,3,-2,527,721,3,42,1690
164,148,-2,232,233,210,3,1691
3,128,-2,488,548,10,148,1692
158,3,-2,787,979,3,42,1693
164,148,-2,232,234,210,3,1694
158,3,-2,509,695,162,3,1695
158,3,-2,333,607,3,42,1696
3,58,-2,265,530,210,3,1697
208,3,-2,360,544,10,148,1698
158,3,-2,193,221,3,40,1699
3,58,-2,335,659,3,42,1700
164,148,-2,232,234,210,3,1701
3,56,-2,213,393,162,3,1702
164,148,-2,232,234,210,3,1703
158,3,-2,310,453,10,148,1704
208,3,-2,313,616,3,42,1705
3,128,-2,621,805,162,3,1706
208,3,-2,243,443,3,40,1707
158,3,-2,509,694,162,3,1708
160,3,-2,195,235,3,40,1709
3,130,-2,375,376,210,3,1710
12,148,-2,488,632,10,148,1711
158,3,-2,193,219,3,40,1712
3,130,-2,453,678,3,42,1713
164,148,-2,232,242,210,3,1714
160,3,-2,312,479,10,148,1715
3,128,-2,375,455,210,3,1716
3,56,-2,213,387,162,3,1717
3,58,-2,304,438,10,148,1718
208,3,-2,243,444,3,40,1719
208,3,-2,751,1025,3,42,1720
3,56,-2,213,396,162,3,1721
158,3,-2,544,674,10,148,1722
164,148,-2,232,240,210,3,1723
3,128,-2,331,427,162,3,1724
12,148,-2,443,620,210,3,1725
3,130,-2,375,376,210,3,1726
158,3,-2,205,392,105,148,1727
208,3,-2,243,453,3,40,1728
3,130,-2,375,379,210,3,1729
208,3,-2,259,580,162,3,1730
3,128,-2,488,576,10,148,1731
160,3,-2,201,374,105,148,1732
160,3,-2,331,533,3,42,1733
3,130,-2,375,379,210,3,1734
158,3,-2,193,212,3,40,1735
158,3,-2,497,714,3,42,1736
3,58,-2,265,524,210,3,1737
208,3,-2,375,660,3,42,1738
164,148,-2,232,235,210,3,1739
3,128,-2,488,576,10,148,1740
208,3,-2,243,466,3,40,1741
3,130,-2,375,380,210,3,1742
160,3,-2,201,377,105,148,1743
160,3,-2,195,232,3,40,1744
3,58,-2,335,662,3,42,1745
164,148,-2,232,241,210,3,1746
208,3,-2,243,337,210,3,1747
208,3,-2,259,575,162,3,1748
3,128,-2,488,579,10,148,1749
160,3,-2,258,393,162,148,1750
208,3,-2,551,745,162,3,1751
208,3,-2,313,608,3,42,1752
164,148,-2,232,240,210,3,1753
160,3,-2,507,687,162,3,1754
3,128,-2,654,771,10,148,1755
3,128,-2,693,865,105,148,1756
208,3,-2,243,377,210,3,1757
3,128,-2,621,803,162,3,1758
3,128,-2,488,581,10,148,1759
3,58,-2,331,648,3,42,1760
12,148,-2,311,347,162,3,1761
3,130,-2,630,675,10,148,1762
164,148,-2,232,238,210,3,1763
3,58,-2,651,810,210,3,1764
164,148,-2,232,238,210,3,1765
3,128,-2,621,805,162,3,1766
164,148,-2,232,240,210,3,1767
158,3,-2,347,634,162,3,1768
164,148,-2,232,241,210,3,1769
164,148,-2,232,242,210,3,1770
158,3,-2,347,633,162,3,1771
3,130,-2,383,470,210,3,1772
158,3,-2,310,423,10,148,1773
3,128,-2,488,575,10,148,1774
3,128,-2,598,612,162,148,1775
3,130,-2,375,375,210,3,1776
208,3,-2,259,579,162,3,1777
158,3,-2,312,335,10,148,1778
3,128,-2,434,490,162,148,1779
164,148,-2,232,241,210,3,1780
208,3,-2,551,734,162,3,1781
208,3,-2,243,449,3,40,1782
12,148,-2,573,825,210,3,1783
3,128,-2,758,782,162,3,1784
3,58,-2,304,410,10,148,1785
12,148,-2,525,829,162,3,1786
208,3,-2,243,447,3,40,1787
3,128,-2,375,437,210,3,1788
3,128,-2,331,446,162,3,1789
3,128,-2,434,486,162,148,1790
3,128,-2,459,763,162,3,1791
158,3,-2,193,218,3,40,1792
3,128,-2,375,440,210,3,1793
3,58,-2,221,506,162,3,1794
3,128,-2,488,568,10,148,1795
3,58,-2,215,580,162,3,1796
208,3,-2,360,521,10,148,1797
208,3,-2,243,452,3,40,1798
3,58,-2,393,669,210,3,1799
208,3,-2,360,521,10,148,1800
158,3,-2,193,218,3,40,1801
208,3,-2,259,610,162,3,1802
208,3,-2,530,653,162,148,1803
160,3,-2,457,631,210,3,1804
3,58,-2,215,572,162,3,1805
160,3,-2,312,328,10,148,1806
164,148,-2,232,235,210,3,1807
3,58,-2,525,753,3,42,1808
158,3,-2,265,437,210,3,1809
160,3,-2,258,390,162,148,1810
160,3,-2,195,238,3,40,1811
3,56,-2,306,391,10,148,1812
208,3,-2,304,365,162,148,1813
158,3,-2,333,609,3,42,1814
160,3,-2,195,241,3,40,1815
3,130,-2,375,378,210,3,1816
3,56,-2,442,453,162,3,1817
3,58,-2,215,567,162,3,1818
208,3,-2,439,665,105,148,1819
160,3,-2,258,387,162,148,1820
208,3,-2,243,447,3,40,1821
164,148,-2,232,238,210,3,1822
164,148,-2,232,238,210,3,1823
3,128,-2,624,631,162,3,1824
208,3,-2,243,447,3,40,1825
158,3,-2,193,209,3,40,1826
12,148,-2,311,327,162,3,1827
208,3,-2,496,609,162,3,1828
208,3,-2,550,644,10,148,1829
3,58,-2,256,361,162,148,1830
208,3,-2,307,541,210,3,1831
3,128,-2,488,554,10,148,1832
160,3,-2,195,249,3,40,1833
208,3,-2,307,508,210,3,1834
208,3,-2,551,711,162,3,1835
158,3,-2,312,318,10,148,1836
208,3,-2,243,310,210,3,1837
3,58,-2,221,492,162,3,1838
158,3,-2,310,396,10,148,1839
3,58,-2,265,479,210,3,1840
158,3,-2,391,573,3,40,1841
158,3,-2,265,464,210,3,1842
208,3,-2,259,596,162,3,1843
158,3,-2,310,465,10,148,1844
208,3,-2,243,439,3,40,1845
3,128,-2,488,550,10,148,1846
12,148,-2,311,326,162,3,1847
160,3,-2,258,394,162,148,1848
208,3,-2,307,595,210,3,1849
208,3,-2,360,506,10,148,1850
3,130,-2,453,635,3,42,1851
3,130,-2,375,378,210,3,1852
158,3,-2,217,508,162,3,1853
3,128,-2,488,548,10,148,1854
164,148,-2,232,233,210,3,1855
3,58,-2,221,487,162,3,1856
3,58,-2,458,646,162,148,1857
208,3,-2,243,437,3,40,1858
160,3,-2,263,425,210,3,1859
3,58,-2,331,613,3,42,1860
12,148,-2,311,339,162,3,1861
3,130,-2,383,388,210,3,1862
160,3,-2,215,443,162,3,1863
160,3,-2,312,318,10,148,1864
160,3,-2,201,331,105,148,1865
3,58,-2,265,478,210,3,1866
3,58,-2,221,492,162,3,1867
208,3,-2,375,626,3,42,1868
164,148,-2,232,233,210,3,1869
3,58,-2,511,668,162,3,1870
208,3,-2,373,564,3,40,1871
208,3,-2,313,606,3,42,1872
12,148,-2,311,323,162,3,1873
158,3,-2,310,442,10,148,1874
158,3,-2,193,210,3,40,1875
208,3,-2,307,565,210,3,1876
3,128,-2,434,474,162,148,1877
3,128,-2,445,616,3,42,1878
3,58,-2,397,640,210,3,1879
3,58,-2,401,618,105,148,1880
158,3,-2,217,524,162,3,1881
158,3,-2,312,317,10,148,1882
12,148,-2,511,725,3,42,1883
12,148,-2,311,321,162,3,1884
158,3,-2,193,211,3,40,1885
3,58,-2,707,923,3,42,1886
158,3,-2,509,659,162,3,1887
3,128,-2,654,748,10,148,1888
208,3,-2,243,430,3,40,1889
12,148,-2,817,967,162,3,1890
3,130,-2,375,381,210,3,1891
208,3,-2,453,693,162,3,1892
158,3,-2,508,564,10,148,1893
3,130,-2,375,384,210,3,1894
3,128,-2,445,622,3,42,1895
164,148,-2,232,235,210,3,1896
158,3,-2,312,326,10,148,1897
208,3,-2,243,427,3,40,1898
158,3,-2,265,453,210,3,1899
160,3,-2,312,320,10,148,1900
3,58,-2,507,667,162,3,1901
160,3,-2,312,415,10,148,1902
3,128,-2,511,638,105,148,1903
208,3,-2,243,431,3,40,1904
164,148,-2,232,234,210,3,1905
208,3,-2,304,372,162,148,1906
208,3,-2,243,435,3,40,1907
3,58,-2,265,491,210,3,1908
164,148,-2,232,237,210,3,1909
158,3,-2,509,653,162,3,1910
158,3,-2,333,562,3,42,1911
3,130,-2,375,378,210,3,1912
158,3,-2,508,605,10,148,1913
164,148,-2,232,238,210,3,1914
3,128,-2,331,477,162,3,1915
3,58,-2,335,614,3,42,1916
3,130,-2,375,378,210,3,1917
3,58,-2,215,542,162,3,1918
3,58,-2,506,638,10,148,1919
164,148,-2,232,241,210,3,1920
3,58,-2,221,508,162,3,1921
208,3,-2,569,771,3,42,1922
164,148,-2,232,242,210,3,1923
208,3,-2,360,528,10,148,1924
3,58,-2,383,600,162,3,1925
208,3,-2,360,516,10,148,1926
3,130,-2,375,379,210,3,1927
158,3,-2,544,603,10,148,1928
164,148,-2,232,242,210,3,1929
12,148,-2,443,671,210,3,1930
208,3,-2,259,586,162,3,1931
160,3,-2,312,332,10,148,1932
208,3,-2,243,424,3,40,1933
3,130,-2,375,380,210,3,1934
208,3,-2,243,425,3,40,1935
3,58,-2,215,550,162,3,1936
3,56,-2,306,348,10,148,1937
160,3,-2,331,522,3,42,1938
158,3,-2,650,652,162,148,1939
3,130,-2,375,379,210,3,1940
158,3,-2,217,504,162,3,1941
160,3,-2,312,338,10,148,1942
3,130,-2,375,380,210,3,1943
3,58,-2,199,306,105,148,1944
160,3,-2,263,393,210,3,1945
3,58,-2,215,555,162,3,1946
158,3,-2,638,690,162,148,1947
208,3,-2,307,541,210,3,1948
3,58,-2,383,593,162,3,1949
160,3,-2,195,241,3,40,1950
3,58,-2,465,651,3,42,1951
164,148,-2,232,235,210,3,1952
3,58,-2,215,557,162,3,1953
158,3,-2,193,241,3,40,1954
208,3,-2,360,491,10,148,1955
3,58,-2,335,600,3,42,1956
3,128,-2,375,425,210,3,1957
12,148,-2,311,324,162,3,1958
208,3,-2,360,497,10,148,1959
208,3,-2,243,296,210,3,1960
3,128,-2,598,614,162,148,1961
12,148,-2,511,703,3,42,1962
3,58,-2,265,473,210,3,1963
3,58,-2,511,643,162,3,1964
158,3,-2,508,543,10,148,1965
160,3,-2,258,364,162,148,1966
3,128,-2,824,1022,3,42,1967
3,130,-2,375,378,210,3,1968
12,148,-2,311,323,162,3,1969
160,3,-2,312,330,10,148,1970
158,3,-2,193,238,3,40,1971
3,130,-2,583,772,3,42,1972
208,3,-2,307,574,210,3,1973
3,58,-2,539,809,162,3,1974
3,128,-2,434,452,162,148,1975
208,3,-2,243,414,3,40,1976
3,128,-2,654,704,10,148,1977
3,58,-2,789,939,105,148,1978
3,58,-2,587,799,210,3,1979
3,128,-2,331,541,162,3,1980
3,128,-2,798,858,10,148,1981
160,3,-2,263,391,210,3,1982
3,128,-2,488,505,10,148,1983
208,3,-2,681,800,162,3,1984
158,3,-2,312,326,10,148,1985
164,148,-2,240,242,210,3,1986
164,148,-2,232,233,210,3,1987
12,148,-2,311,320,162,3,1988
160,3,-2,195,241,3,40,1989
3,58,-2,265,466,210,3,1990
160,3,-2,312,344,10,148,1991
3,56,-2,306,339,10,148,1992
208,3,-2,304,358,162,148,1993
208,3,-2,307,539,210,3,1994
3,128,-2,637,806,210,3,1995
160,3,-2,201,325,105,148,1996
3,128,-2,434,446,162,148,1997
160,3,-2,506,530,10,148,1998
208,3,-2,259,546,162,3,1999
3,128,-2,434,445,162,148,2000
