208,3,-2,242,245,3,40,1
160,3,-2,453,463,210,3,2
158,3,-2,312,317,10,148,3
3,130,-2,122,127,3,42,4
160,3,-2,215,223,162,3,5
158,3,-2,312,321,10,148,6
3,128,-2,791,918,210,3,7
12,148,-2,384,384,210,3,8
208,3,-2,632,691,162,3,9
158,3,-2,312,320,10,148,10
3,58,-2,265,274,210,3,11
208,3,-2,417,424,162,3,12
160,3,-2,312,327,10,148,13
208,3,-2,304,305,162,148,14
3,58,-2,853,1372,210,3,15
3,58,-2,697,782,162,3,16
158,3,-2,312,324,10,148,17
3,58,-2,331,349,3,42,18
3,58,-2,265,274,210,3,19
3,130,-2,302,315,162,3,20
208,3,-2,360,367,10,148,21
3,56,-2,458,494,162,148,22
3,58,-2,653,728,210,3,23
158,3,-2,265,286,210,3,24
3,58,-2,221,223,162,3,25
3,128,-2,180,181,162,148,26
3,130,-2,122,126,3,42,27
12,148,-2,384,403,210,3,28
3,58,-2,221,223,162,3,29
158,3,-2,312,322,10,148,30
3,130,-2,375,408,210,3,31
3,58,-2,564,669,10,148,32
158,3,-2,193,196,3,40,33
158,3,-2,567,616,3,42,34
208,3,-2,243,253,210,3,35
164,148,-2,376,387,105,148,36
3,128,-2,873,1041,162,3,37
158,3,-2,312,323,10,148,38
160,3,-2,195,196,3,40,39
208,3,-2,307,319,210,3,40
3,58,-2,659,737,162,3,41
160,3,-2,312,317,10,148,42
208,3,-2,243,243,3,40,43
158,3,-2,265,281,210,3,44
208,3,-2,632,701,162,3,45
3,56,-2,306,309,10,148,46
12,148,-2,131,131,3,42,47
3,128,-2,123,124,105,148,48
3,130,-2,362,372,3,40,49
12,148,-2,131,134,3,42,50
160,3,-2,453,486,210,3,51
3,58,-2,507,581,162,3,52
3,130,-2,375,401,210,3,53
158,3,-2,265,278,210,3,54
160,3,-2,312,320,10,148,55
158,3,-2,193,193,3,40,56
12,148,-2,131,135,3,42,57
3,56,-2,455,495,210,3,58
160,3,-2,312,320,10,148,59
3,128,-2,377,382,210,3,60
208,3,-2,610,679,10,148,61
3,58,-2,389,428,3,40,62
160,3,-2,263,269,210,3,63
164,148,-2,232,233,210,3,64
3,58,-2,507,598,162,3,65
3,58,-2,265,279,210,3,66
3,128,-2,300,304,162,3,67
3,58,-2,506,576,10,148,68
158,3,-2,397,409,105,148,69
3,58,-2,265,279,210,3,70
158,3,-2,509,559,162,3,71
208,3,-2,360,369,10,148,72
3,58,-2,256,268,162,148,73
208,3,-2,695,781,210,3,74
3,128,-2,654,712,10,148,75
3,130,-2,178,181,162,148,76
3,56,-2,807,1069,3,40,77
164,148,-2,310,317,3,42,78
3,58,-2,639,808,210,3,79
158,3,-2,205,217,105,148,80
208,3,-2,316,327,3,42,81
164,148,-2,232,232,210,3,82
12,148,-2,311,314,162,3,83
3,128,-2,877,1119,3,40,84
12,148,-2,511,553,3,42,85
164,148,-2,232,234,210,3,86
3,130,-2,302,314,162,3,87
160,3,-2,312,330,10,148,88
3,56,-2,33,33,3,42,89
3,56,-2,213,215,162,3,90
3,128,-2,377,381,210,3,91
3,58,-2,700,1059,10,148,92
160,3,-2,195,198,3,40,93
208,3,-2,243,243,210,3,94
158,3,-2,312,326,10,148,95
3,130,-2,122,122,3,42,96
160,3,-2,312,322,10,148,97
3,58,-2,395,437,105,148,98
208,3,-2,243,248,3,40,99
3,128,-2,835,987,105,148,100
3,58,-2,335,355,3,42,101
3,58,-2,453,494,210,3,102
3,58,-2,407,450,162,3,103
3,56,-2,442,478,162,3,104
158,3,-2,312,326,10,148,105
3,56,-2,33,34,3,42,106
158,3,-2,265,269,210,3,107
3,56,-2,213,215,162,3,108
160,3,-2,312,326,10,148,109
3,58,-2,265,269,210,3,110
3,128,-2,488,498,10,148,111
3,128,-2,445,453,3,42,112
3,58,-2,304,325,10,148,113
158,3,-2,193,205,3,40,114
3,128,-2,580,597,3,42,115
3,58,-2,265,272,210,3,116
3,58,-2,221,239,162,3,117
158,3,-2,195,196,3,40,118
3,58,-2,265,273,210,3,119
3,58,-2,221,239,162,3,120
160,3,-2,312,324,10,148,121
164,148,-2,232,234,210,3,122
208,3,-2,489,543,162,3,123
3,58,-2,304,324,10,148,124
3,130,-2,453,467,3,42,125
3,58,-2,221,260,162,3,126
3,130,-2,375,387,210,3,127
158,3,-2,413,498,162,3,128
208,3,-2,610,674,10,148,129
3,130,-2,519,559,105,148,130
3,58,-2,345,365,162,3,131
160,3,-2,312,321,10,148,132
3,128,-2,989,1433,210,3,133
160,3,-2,312,324,10,148,134
158,3,-2,193,200,3,40,135
3,128,-2,1821,1995,210,3,136
3,58,-2,215,221,162,3,137
208,3,-2,539,615,3,42,138
3,58,-2,265,273,210,3,139
208,3,-2,243,252,3,40,140
3,58,-2,260,265,3,42,141
160,3,-2,263,268,210,3,142
3,56,-2,33,34,3,42,143
208,3,-2,327,332,162,3,144
3,128,-2,488,489,10,148,145
208,3,-2,304,304,162,148,146
160,3,-2,195,197,3,40,147
3,58,-2,604,868,3,42,148
160,3,-2,263,270,210,3,149
208,3,-2,417,429,162,3,150
3,58,-2,639,806,210,3,151
3,56,-2,387,423,3,40,152
3,128,-2,375,380,210,3,153
160,3,-2,201,207,105,148,154
158,3,-2,195,196,3,40,155
3,128,-2,445,471,3,42,156
3,58,-2,901,1380,162,3,157
158,3,-2,570,638,10,148,158
3,58,-2,256,262,162,148,159
208,3,-2,243,252,3,40,160
164,148,-2,372,388,210,3,161
3,58,-2,215,225,162,3,162
164,148,-2,232,235,210,3,163
3,58,-2,215,225,162,3,164
3,58,-2,1270,1624,162,148,165
208,3,-2,243,251,3,40,166
208,3,-2,437,471,210,3,167
3,58,-2,304,316,10,148,168
160,3,-2,195,195,3,40,169
208,3,-2,375,392,3,42,170
158,3,-2,265,286,210,3,171
3,58,-2,215,225,162,3,172
158,3,-2,312,318,10,148,173
3,128,-2,123,135,105,148,174
12,148,-2,187,194,162,148,175
158,3,-2,195,196,3,40,176
164,148,-2,232,235,210,3,177
208,3,-2,453,497,162,3,178
160,3,-2,649,852,210,3,179
158,3,-2,217,221,162,3,180
12,148,-2,130,135,105,148,181
208,3,-2,243,251,3,40,182
3,130,-2,122,128,3,42,183
160,3,-2,312,339,10,148,184
158,3,-2,908,1393,105,148,185
3,58,-2,215,230,162,3,186
158,3,-2,312,316,10,148,187
3,58,-2,389,429,3,40,188
208,3,-2,307,311,210,3,189
3,58,-2,215,231,162,3,190
3,128,-2,123,132,105,148,191
164,148,-2,240,248,210,3,192
160,3,-2,507,561,162,3,193
160,3,-2,195,199,3,40,194
3,130,-2,375,385,210,3,195
208,3,-2,610,674,10,148,196
160,3,-2,566,635,10,148,197
160,3,-2,512,543,162,148,198
208,3,-2,243,248,3,40,199
3,58,-2,265,285,210,3,200
3,56,-2,603,665,162,3,201
208,3,-2,243,249,3,40,202
3,58,-2,331,366,3,42,203
208,3,-2,243,251,210,3,204
3,128,-2,621,771,162,3,205
3,130,-2,630,703,10,148,206
3,58,-2,265,286,210,3,207
3,130,-2,302,317,162,3,208
158,3,-2,312,322,10,148,209
164,148,-2,232,235,210,3,210
160,3,-2,453,487,210,3,211
3,58,-2,304,316,10,148,212
208,3,-2,496,544,162,3,213
208,3,-2,243,249,3,40,214
160,3,-2,563,751,162,3,215
3,58,-2,567,716,3,40,216
3,56,-2,306,313,10,148,217
208,3,-2,243,250,3,40,218
3,58,-2,453,527,210,3,219
3,128,-2,624,694,162,3,220
3,128,-2,180,185,162,148,221
164,148,-2,232,232,210,3,222
3,56,-2,213,223,162,3,223
160,3,-2,312,338,10,148,224
3,58,-2,199,210,105,148,225
160,3,-2,452,494,162,148,226
3,130,-2,375,397,210,3,227
3,58,-2,331,369,3,42,228
3,56,-2,213,227,162,3,229
160,3,-2,312,340,10,148,230
3,128,-2,180,187,162,148,231
3,58,-2,393,441,210,3,232
3,128,-2,624,700,162,3,233
3,58,-2,760,1171,10,148,234
3,58,-2,265,289,210,3,235
3,128,-2,300,328,162,3,236
3,130,-2,122,138,3,42,237
3,130,-2,375,393,210,3,238
158,3,-2,407,452,105,148,239
158,3,-2,195,200,3,40,240
3,58,-2,922,1412,10,148,241
3,56,-2,201,206,105,148,242
3,130,-2,178,183,162,148,243
158,3,-2,193,194,3,40,244
3,56,-2,33,35,3,42,245
3,58,-2,304,316,10,148,246
3,130,-2,121,158,105,148,247
158,3,-2,312,314,10,148,248
3,128,-2,375,375,210,3,249
3,128,-2,488,516,10,148,250
3,58,-2,407,454,162,3,251
12,148,-2,131,131,3,42,252
164,148,-2,486,545,162,3,253
3,58,-2,506,674,10,148,254
208,3,-2,307,309,210,3,255
160,3,-2,312,325,10,148,256
3,128,-2,300,315,162,3,257
158,3,-2,193,204,3,40,258
208,3,-2,1007,1427,210,3,259
158,3,-2,367,395,162,3,260
160,3,-2,566,636,10,148,261
208,3,-2,304,311,162,148,262
158,3,-2,193,205,3,40,263
160,3,-2,201,203,105,148,264
164,148,-2,232,232,210,3,265
158,3,-2,312,327,10,148,266
208,3,-2,441,537,210,3,267
160,3,-2,566,694,10,148,268
3,130,-2,122,126,3,42,269
160,3,-2,263,281,210,3,270
12,148,-2,311,330,162,3,271
3,128,-2,455,466,3,42,272
3,130,-2,122,129,3,42,273
208,3,-2,750,1018,162,148,274
3,58,-2,511,650,162,3,275
3,58,-2,506,703,10,148,276
208,3,-2,307,309,210,3,277
3,128,-2,624,697,162,3,278
160,3,-2,486,554,162,148,279
208,3,-2,243,245,3,40,280
160,3,-2,263,285,210,3,281
3,58,-2,215,223,162,3,282
208,3,-2,243,248,3,40,283
3,58,-2,265,283,210,3,284
3,130,-2,630,699,10,148,285
3,58,-2,265,284,210,3,286
158,3,-2,217,238,162,3,287
164,148,-2,232,234,210,3,288
3,130,-2,122,141,3,42,289
12,148,-2,311,335,162,3,290
3,130,-2,121,123,105,148,291
160,3,-2,195,195,3,40,292
3,58,-2,397,455,210,3,293
3,130,-2,339,355,162,3,294
158,3,-2,817,1235,105,148,295
3,58,-2,452,550,162,148,296
208,3,-2,243,251,3,40,297
3,130,-2,122,129,3,42,298
3,58,-2,457,551,210,3,299
3,128,-2,341,347,162,3,300
158,3,-2,195,199,3,40,301
158,3,-2,265,272,210,3,302
160,3,-2,195,197,3,40,303
208,3,-2,307,315,210,3,304
158,3,-2,367,405,162,3,305
158,3,-2,544,656,10,148,306
3,58,-2,456,524,162,148,307
208,3,-2,313,325,3,42,308
164,148,-2,232,232,210,3,309
3,58,-2,535,630,162,3,310
3,58,-2,760,1334,10,148,311
158,3,-2,265,275,210,3,312
158,3,-2,217,245,162,3,313
158,3,-2,570,678,10,148,314
3,130,-2,375,385,210,3,315
164,148,-2,196,206,162,3,316
208,3,-2,307,316,210,3,317
160,3,-2,258,280,162,148,318
12,148,-2,371,399,3,40,319
208,3,-2,316,328,3,42,320
3,130,-2,375,384,210,3,321
3,58,-2,215,220,162,3,322
158,3,-2,193,205,3,40,323
3,58,-2,215,228,162,3,324
208,3,-2,243,248,3,40,325
3,130,-2,375,383,210,3,326
3,58,-2,221,250,162,3,327
3,128,-2,740,877,10,148,328
3,58,-2,488,570,162,148,329
160,3,-2,598,854,3,42,330
158,3,-2,265,270,210,3,331
164,148,-2,232,233,210,3,332
208,3,-2,496,550,162,3,333
3,58,-2,265,278,210,3,334
12,148,-2,311,322,162,3,335
208,3,-2,243,254,3,40,336
158,3,-2,383,435,162,3,337
158,3,-2,312,323,10,148,338
3,56,-2,33,41,3,42,339
3,58,-2,215,234,162,3,340
158,3,-2,265,272,210,3,341
160,3,-2,195,205,3,40,342
160,3,-2,263,277,210,3,343
3,58,-2,335,388,3,42,344
3,58,-2,221,244,162,3,345
208,3,-2,360,367,10,148,346
208,3,-2,243,249,3,40,347
3,58,-2,506,812,10,148,348
160,3,-2,647,857,210,3,349
12,148,-2,311,321,162,3,350
158,3,-2,312,318,10,148,351
3,128,-2,123,126,105,148,352
3,130,-2,375,379,210,3,353
208,3,-2,417,453,162,3,354
3,128,-2,622,823,10,148,355
3,130,-2,375,379,210,3,356
208,3,-2,307,321,210,3,357
158,3,-2,265,276,210,3,358
160,3,-2,312,329,10,148,359
3,58,-2,256,272,162,148,360
3,128,-2,120,130,3,42,361
208,3,-2,629,699,210,3,362
3,128,-2,525,648,162,3,363
3,128,-2,575,744,3,42,364
3,128,-2,377,398,210,3,365
3,58,-2,335,385,3,42,366
208,3,-2,307,320,210,3,367
3,58,-2,673,1122,162,3,368
3,56,-2,306,338,10,148,369
3,130,-2,178,182,162,148,370
3,128,-2,621,764,162,3,371
158,3,-2,427,468,3,40,372
208,3,-2,307,321,210,3,373
158,3,-2,333,365,3,42,374
164,148,-2,240,241,210,3,375
160,3,-2,369,383,162,3,376
160,3,-2,263,281,210,3,377
3,130,-2,178,180,162,148,378
12,148,-2,371,425,3,40,379
3,58,-2,511,683,162,3,380
160,3,-2,312,347,10,148,381
3,130,-2,122,142,3,42,382
208,3,-2,512,582,162,148,383
3,130,-2,375,377,210,3,384
160,3,-2,195,210,3,40,385
3,128,-2,627,737,210,3,386
208,3,-2,417,488,162,3,387
158,3,-2,565,881,162,3,388
158,3,-2,262,279,162,148,389
208,3,-2,243,249,3,40,390
3,130,-2,122,141,3,42,391
3,130,-2,629,694,162,3,392
3,58,-2,265,307,210,3,393
3,58,-2,215,229,162,3,394
3,56,-2,593,652,3,40,395
3,130,-2,453,484,3,42,396
160,3,-2,263,275,210,3,397
3,58,-2,215,230,162,3,398
3,128,-2,434,456,162,148,399
3,58,-2,525,817,3,42,400
3,128,-2,573,726,210,3,401
3,56,-2,258,280,162,148,402
3,56,-2,33,39,3,42,403
164,148,-2,232,232,210,3,404
208,3,-2,417,483,162,3,405
3,56,-2,455,476,210,3,406
3,130,-2,375,403,210,3,407
158,3,-2,265,281,210,3,408
208,3,-2,243,247,3,40,409
3,58,-2,331,377,3,42,410
3,58,-2,265,304,210,3,411
160,3,-2,263,275,210,3,412
12,148,-2,311,344,162,3,413
160,3,-2,312,322,10,148,414
3,128,-2,445,482,3,42,415
3,128,-2,624,756,162,3,416
3,58,-2,564,645,10,148,417
208,3,-2,304,311,162,148,418
3,58,-2,409,501,162,3,419
3,58,-2,304,344,10,148,420
3,58,-2,256,292,162,148,421
3,128,-2,580,690,3,42,422
3,58,-2,215,234,162,3,423
158,3,-2,407,438,105,148,424
3,56,-2,273,285,3,40,425
3,130,-2,375,421,210,3,426
3,130,-2,375,425,210,3,427
3,56,-2,213,223,162,3,428
158,3,-2,312,328,10,148,429
12,148,-2,130,134,105,148,430
3,128,-2,331,347,162,3,431
3,58,-2,616,954,162,148,432
3,56,-2,455,481,210,3,433
3,58,-2,745,1195,162,3,434
3,58,-2,506,807,10,148,435
3,128,-2,568,723,162,148,436
158,3,-2,193,205,3,40,437
3,128,-2,375,378,210,3,438
208,3,-2,304,307,162,148,439
3,56,-2,213,227,162,3,440
3,128,-2,622,866,10,148,441
208,3,-2,243,248,3,40,442
3,130,-2,122,130,3,42,443
12,148,-2,311,338,162,3,444
3,58,-2,265,301,210,3,445
3,130,-2,122,130,3,42,446
3,58,-2,265,302,210,3,447
158,3,-2,544,655,10,148,448
3,128,-2,445,478,3,42,449
3,128,-2,740,895,10,148,450
3,128,-2,740,896,10,148,451
12,148,-2,130,135,105,148,452
3,56,-2,258,276,162,148,453
3,58,-2,221,258,162,3,454
158,3,-2,193,201,3,40,455
158,3,-2,265,280,210,3,456
208,3,-2,556,627,162,148,457
164,148,-2,232,232,210,3,458
3,58,-2,221,261,162,3,459
3,128,-2,488,517,10,148,460
160,3,-2,258,270,162,148,461
164,148,-2,232,242,210,3,462
3,58,-2,215,236,162,3,463
12,148,-2,130,132,105,148,464
3,58,-2,256,300,162,148,465
160,3,-2,312,330,10,148,466
3,130,-2,122,124,3,42,467
3,58,-2,221,260,162,3,468
160,3,-2,312,330,10,148,469
208,3,-2,243,248,3,40,470
158,3,-2,265,281,210,3,471
12,148,-2,311,341,162,3,472
158,3,-2,312,316,10,148,473
208,3,-2,307,313,210,3,474
208,3,-2,496,585,162,3,475
208,3,-2,610,660,10,148,476
164,148,-2,232,238,210,3,477
208,3,-2,417,481,162,3,478
208,3,-2,804,1233,10,148,479
208,3,-2,304,310,162,148,480
12,148,-2,131,135,3,42,481
3,128,-2,624,756,162,3,482
3,128,-2,568,803,162,148,483
3,56,-2,346,364,3,42,484
164,148,-2,232,238,210,3,485
158,3,-2,312,328,10,148,486
164,148,-2,232,238,210,3,487
3,128,-2,341,363,162,3,488
208,3,-2,243,248,3,40,489
3,128,-2,985,1444,3,42,490
158,3,-2,265,283,210,3,491
208,3,-2,360,395,10,148,492
3,58,-2,510,565,162,148,493
208,3,-2,243,251,210,3,494
3,128,-2,488,516,10,148,495
12,148,-2,311,342,162,3,496
3,58,-2,265,305,210,3,497
208,3,-2,243,250,3,40,498
164,148,-2,232,237,210,3,499
3,58,-2,215,253,162,3,500
208,3,-2,304,325,162,148,501
3,128,-2,697,860,3,42,502
3,128,-2,654,802,10,148,503
160,3,-2,195,203,3,40,504
3,58,-2,820,1334,162,3,505
3,58,-2,564,690,10,148,506
3,56,-2,580,910,162,148,507
3,58,-2,335,405,3,42,508
3,58,-2,833,1335,210,3,509
158,3,-2,312,338,10,148,510
208,3,-2,243,259,3,40,511
3,130,-2,375,411,210,3,512
3,130,-2,629,707,162,3,513
3,128,-2,488,523,10,148,514
160,3,-2,453,531,210,3,515
12,148,-2,311,337,162,3,516
3,128,-2,686,830,162,148,517
160,3,-2,523,729,3,42,518
12,148,-2,311,340,162,3,519
3,56,-2,566,607,10,148,520
3,56,-2,522,563,3,42,521
3,56,-2,213,225,162,3,522
3,56,-2,306,325,10,148,523
3,128,-2,375,397,210,3,524
164,148,-2,232,232,210,3,525
158,3,-2,446,556,162,3,526
12,148,-2,130,134,105,148,527
3,128,-2,598,718,162,148,528
158,3,-2,193,194,3,40,529
3,56,-2,213,243,162,3,530
160,3,-2,258,295,162,148,531
160,3,-2,195,208,3,40,532
164,148,-2,232,233,210,3,533
3,130,-2,815,1186,162,3,534
3,56,-2,345,478,210,3,535
208,3,-2,316,338,3,42,536
158,3,-2,312,335,10,148,537
158,3,-2,488,647,162,148,538
3,58,-2,331,416,3,42,539
3,58,-2,265,306,210,3,540
160,3,-2,312,346,10,148,541
158,3,-2,193,199,3,40,542
3,58,-2,304,340,10,148,543
3,58,-2,579,946,105,148,544
3,58,-2,511,787,162,3,545
160,3,-2,312,346,10,148,546
158,3,-2,193,201,3,40,547
164,148,-2,232,241,210,3,548
3,58,-2,304,340,10,148,549
3,56,-2,261,295,210,3,550
3,58,-2,506,815,10,148,551
3,130,-2,122,134,3,42,552
158,3,-2,265,313,210,3,553
3,58,-2,506,806,10,148,554
3,58,-2,520,651,3,42,555
12,148,-2,545,619,162,3,556
3,58,-2,304,358,10,148,557
3,130,-2,121,131,105,148,558
3,58,-2,507,814,162,3,559
3,58,-2,304,358,10,148,560
208,3,-2,304,324,162,148,561
3,58,-2,717,1270,3,42,562
164,148,-2,232,234,210,3,563
3,130,-2,375,399,210,3,564
160,3,-2,486,668,162,148,565
208,3,-2,433,537,3,40,566
208,3,-2,313,389,3,42,567
3,128,-2,488,571,10,148,568
3,128,-2,445,521,3,42,569
158,3,-2,217,223,162,3,570
3,56,-2,306,336,10,148,571
158,3,-2,262,308,162,148,572
3,58,-2,349,459,162,3,573
3,58,-2,335,477,3,42,574
208,3,-2,417,468,162,3,575
208,3,-2,360,400,10,148,576
3,58,-2,221,266,162,3,577
160,3,-2,738,1151,162,148,578
164,148,-2,310,377,3,42,579
3,128,-2,621,855,162,3,580
3,58,-2,265,302,210,3,581
3,128,-2,621,859,162,3,582
158,3,-2,312,340,10,148,583
208,3,-2,496,756,162,148,584
158,3,-2,193,199,3,40,585
3,128,-2,120,124,3,42,586
12,148,-2,311,372,162,3,587
158,3,-2,459,548,210,3,588
3,56,-2,306,330,10,148,589
3,130,-2,122,135,3,42,590
158,3,-2,312,344,10,148,591
160,3,-2,201,217,105,148,592
3,128,-2,507,633,210,3,593
3,128,-2,488,573,10,148,594
3,130,-2,375,401,210,3,595
158,3,-2,312,344,10,148,596
3,58,-2,199,233,105,148,597
208,3,-2,243,254,3,40,598
160,3,-2,263,279,210,3,599
3,130,-2,122,124,3,42,600
164,148,-2,232,234,210,3,601
12,148,-2,311,368,162,3,602
12,148,-2,311,370,162,3,603
160,3,-2,522,755,3,42,604
3,58,-2,215,257,162,3,605
3,128,-2,375,388,210,3,606
3,128,-2,621,857,162,3,607
164,148,-2,232,232,210,3,608
160,3,-2,215,235,162,3,609
3,58,-2,389,605,3,40,610
3,58,-2,215,255,162,3,611
160,3,-2,312,338,10,148,612
208,3,-2,304,322,162,148,613
208,3,-2,307,338,210,3,614
160,3,-2,312,328,10,148,615
160,3,-2,195,200,3,40,616
164,148,-2,232,232,210,3,617
208,3,-2,453,537,162,3,618
160,3,-2,312,359,10,148,619
3,56,-2,33,37,3,42,620
3,128,-2,507,653,210,3,621
12,148,-2,311,369,162,3,622
160,3,-2,389,611,3,40,623
3,58,-2,215,255,162,3,624
3,128,-2,488,602,10,148,625
208,3,-2,307,347,210,3,626
158,3,-2,312,337,10,148,627
3,128,-2,488,604,10,148,628
3,58,-2,221,260,162,3,629
12,148,-2,686,993,10,148,630
160,3,-2,258,268,162,148,631
158,3,-2,193,199,3,40,632
208,3,-2,259,289,162,3,633
208,3,-2,360,424,10,148,634
158,3,-2,193,199,3,40,635
208,3,-2,307,345,210,3,636
3,58,-2,395,562,3,40,637
160,3,-2,263,281,210,3,638
3,58,-2,304,376,10,148,639
3,130,-2,122,170,3,42,640
3,58,-2,265,303,210,3,641
12,148,-2,545,599,162,3,642
3,58,-2,304,378,10,148,643
158,3,-2,205,216,105,148,644
164,148,-2,232,234,210,3,645
158,3,-2,312,354,10,148,646
3,56,-2,455,485,210,3,647
208,3,-2,259,285,162,3,648
160,3,-2,201,209,105,148,649
158,3,-2,193,205,3,40,650
3,58,-2,265,312,210,3,651
160,3,-2,369,432,162,3,652
164,148,-2,232,234,210,3,653
3,128,-2,699,1161,3,40,654
164,148,-2,232,239,210,3,655
208,3,-2,417,496,162,3,656
3,128,-2,583,731,162,3,657
3,58,-2,265,325,210,3,658
3,128,-2,180,192,162,148,659
158,3,-2,193,225,3,40,660
3,128,-2,444,483,3,42,661
164,148,-2,232,240,210,3,662
3,128,-2,331,351,162,3,663
3,130,-2,122,163,3,42,664
3,58,-2,453,513,210,3,665
3,58,-2,616,1044,162,148,666
160,3,-2,331,388,3,42,667
3,58,-2,265,332,210,3,668
208,3,-2,304,333,162,148,669
3,128,-2,445,602,3,42,670
3,128,-2,488,594,10,148,671
3,58,-2,389,670,3,40,672
158,3,-2,333,405,3,42,673
3,128,-2,627,785,210,3,674
12,148,-2,311,366,162,3,675
3,58,-2,256,291,162,148,676
3,58,-2,335,529,3,42,677
208,3,-2,307,384,210,3,678
208,3,-2,307,391,210,3,679
158,3,-2,205,235,105,148,680
3,58,-2,256,302,162,148,681
208,3,-2,307,391,210,3,682
3,128,-2,621,867,162,3,683
158,3,-2,312,348,10,148,684
158,3,-2,193,231,3,40,685
208,3,-2,307,393,210,3,686
3,56,-2,442,527,162,3,687
3,58,-2,304,370,10,148,688
208,3,-2,304,349,162,148,689
12,148,-2,311,364,162,3,690
160,3,-2,195,208,3,40,691
160,3,-2,195,209,3,40,692
158,3,-2,673,1146,162,3,693
3,128,-2,488,598,10,148,694
158,3,-2,195,207,3,40,695
164,148,-2,232,233,210,3,696
3,58,-2,389,677,3,40,697
208,3,-2,453,546,162,3,698
3,128,-2,488,598,10,148,699
164,148,-2,232,234,210,3,700
3,58,-2,256,307,162,148,701
164,148,-2,232,235,210,3,702
208,3,-2,259,276,162,3,703
160,3,-2,312,352,10,148,704
3,130,-2,178,190,162,148,705
158,3,-2,195,210,3,40,706
3,58,-2,265,326,210,3,707
3,56,-2,213,260,162,3,708
208,3,-2,360,433,10,148,709
164,148,-2,232,234,210,3,710
12,148,-2,311,357,162,3,711
158,3,-2,312,343,10,148,712
3,58,-2,395,730,105,148,713
208,3,-2,307,383,210,3,714
3,58,-2,440,566,162,3,715
160,3,-2,508,795,3,40,716
3,128,-2,377,381,210,3,717
208,3,-2,783,1155,210,3,718
160,3,-2,312,356,10,148,719
208,3,-2,417,487,162,3,720
12,148,-2,131,147,3,42,721
208,3,-2,417,488,162,3,722
3,58,-2,265,331,210,3,723
160,3,-2,312,320,10,148,724
3,58,-2,335,527,3,42,725
3,58,-2,265,331,210,3,726
160,3,-2,409,615,162,3,727
164,148,-2,232,234,210,3,728
158,3,-2,312,342,10,148,729
12,148,-2,131,152,3,42,730
208,3,-2,259,276,162,3,731
3,130,-2,121,140,105,148,732
3,128,-2,763,1139,210,3,733
208,3,-2,259,277,162,3,734
3,128,-2,488,607,10,148,735
3,128,-2,434,505,162,148,736
3,128,-2,377,398,210,3,737
3,58,-2,395,688,105,148,738
3,128,-2,598,765,162,148,739
158,3,-2,265,292,210,3,740
3,58,-2,215,253,162,3,741
158,3,-2,310,345,10,148,742
3,56,-2,33,39,3,42,743
160,3,-2,215,225,162,3,744
3,56,-2,504,765,10,148,745
3,128,-2,123,128,105,148,746
164,148,-2,232,241,210,3,747
3,56,-2,540,803,10,148,748
208,3,-2,243,257,3,40,749
158,3,-2,265,298,210,3,750
3,58,-2,215,264,162,3,751
158,3,-2,195,199,3,40,752
3,130,-2,375,377,210,3,753
3,128,-2,488,613,10,148,754
3,128,-2,377,393,210,3,755
208,3,-2,715,1163,162,3,756
3,58,-2,512,830,10,148,757
3,130,-2,375,378,210,3,758
160,3,-2,331,389,3,42,759
160,3,-2,455,637,210,3,760
12,148,-2,311,348,162,3,761
208,3,-2,243,268,3,40,762
208,3,-2,307,369,210,3,763
3,128,-2,488,612,10,148,764
164,148,-2,232,236,210,3,765
3,58,-2,215,275,162,3,766
158,3,-2,310,390,10,148,767
3,130,-2,121,127,105,148,768
164,148,-2,232,239,210,3,769
3,58,-2,265,331,210,3,770
12,148,-2,311,345,162,3,771
158,3,-2,312,336,10,148,772
208,3,-2,243,266,3,40,773
208,3,-2,599,1082,3,40,774
164,148,-2,372,429,210,3,775
3,128,-2,180,185,162,148,776
3,128,-2,375,403,210,3,777
3,56,-2,306,325,10,148,778
158,3,-2,265,305,210,3,779
208,3,-2,243,271,3,40,780
3,128,-2,445,599,3,42,781
3,130,-2,375,405,210,3,782
3,128,-2,434,542,162,148,783
208,3,-2,316,371,3,42,784
3,128,-2,627,797,210,3,785
3,128,-2,622,827,10,148,786
3,130,-2,178,185,162,148,787
208,3,-2,316,375,3,42,788
3,128,-2,375,412,210,3,789
12,148,-2,311,362,162,3,790
3,58,-2,512,820,10,148,791
3,58,-2,511,872,162,3,792
3,130,-2,375,403,210,3,793
3,56,-2,258,287,162,148,794
3,58,-2,265,335,210,3,795
12,148,-2,371,471,3,40,796
3,56,-2,213,257,162,3,797
208,3,-2,360,418,10,148,798
3,58,-2,335,500,3,42,799
164,148,-2,232,233,210,3,800
164,148,-2,390,464,162,3,801
208,3,-2,304,362,162,148,802
3,128,-2,610,791,3,42,803
208,3,-2,243,280,210,3,804
158,3,-2,312,330,10,148,805
208,3,-2,304,362,162,148,806
3,58,-2,593,1107,210,3,807
160,3,-2,263,305,210,3,808
3,56,-2,213,277,162,3,809
3,130,-2,178,189,162,148,810
160,3,-2,195,213,3,40,811
164,148,-2,240,246,210,3,812
3,58,-2,507,836,162,3,813
160,3,-2,312,320,10,148,814
208,3,-2,243,305,3,40,815
208,3,-2,307,382,210,3,816
208,3,-2,417,478,162,3,817
3,128,-2,488,598,10,148,818
3,130,-2,178,188,162,148,819
158,3,-2,367,408,162,3,820
208,3,-2,243,319,3,40,821
12,148,-2,131,137,3,42,822
158,3,-2,195,220,3,40,823
158,3,-2,265,366,210,3,824
3,128,-2,488,596,10,148,825
12,148,-2,131,137,3,42,826
160,3,-2,263,325,210,3,827
3,130,-2,383,421,210,3,828
12,148,-2,311,368,162,3,829
208,3,-2,360,436,10,148,830
3,128,-2,445,575,3,42,831
3,58,-2,463,875,210,3,832
3,130,-2,121,135,105,148,833
12,148,-2,131,137,3,42,834
3,130,-2,383,421,210,3,835
158,3,-2,312,330,10,148,836
3,56,-2,33,36,3,42,837
164,148,-2,232,233,210,3,838
3,128,-2,621,822,162,3,839
160,3,-2,201,229,105,148,840
208,3,-2,243,313,3,40,841
12,148,-2,131,157,3,42,842
3,128,-2,375,432,210,3,843
12,148,-2,311,412,162,3,844
160,3,-2,312,335,10,148,845
160,3,-2,195,205,3,40,846
3,130,-2,375,389,210,3,847
158,3,-2,193,220,3,40,848
12,148,-2,131,157,3,42,849
3,128,-2,375,442,210,3,850
208,3,-2,360,446,10,148,851
3,128,-2,180,196,162,148,852
160,3,-2,195,207,3,40,853
3,58,-2,680,1207,162,148,854
3,128,-2,445,601,3,42,855
164,148,-2,372,448,210,3,856
12,148,-2,311,443,162,3,857
158,3,-2,310,400,10,148,858
12,148,-2,131,155,3,42,859
3,128,-2,375,443,210,3,860
3,58,-2,215,292,162,3,861
3,130,-2,121,132,105,148,862
3,56,-2,273,321,3,40,863
3,58,-2,457,832,210,3,864
158,3,-2,310,408,10,148,865
3,58,-2,265,347,210,3,866
208,3,-2,199,261,162,3,867
164,148,-2,232,232,210,3,868
160,3,-2,312,373,10,148,869
3,130,-2,375,401,210,3,870
3,56,-2,329,382,3,42,871
160,3,-2,263,319,210,3,872
3,130,-2,339,398,162,3,873
158,3,-2,312,363,10,148,874
3,56,-2,213,294,162,3,875
158,3,-2,265,371,210,3,876
3,58,-2,215,298,162,3,877
208,3,-2,360,436,10,148,878
3,130,-2,178,184,162,148,879
160,3,-2,215,261,162,3,880
3,128,-2,488,603,10,148,881
3,130,-2,121,146,105,148,882
3,58,-2,199,266,105,148,883
3,128,-2,505,699,3,40,884
3,128,-2,375,433,210,3,885
158,3,-2,217,250,162,3,886
160,3,-2,452,652,162,148,887
208,3,-2,501,944,210,3,888
158,3,-2,312,362,10,148,889
208,3,-2,417,479,162,3,890
3,128,-2,488,601,10,148,891
3,128,-2,123,134,105,148,892
3,58,-2,265,346,210,3,893
12,148,-2,311,417,162,3,894
158,3,-2,193,211,3,40,895
12,148,-2,311,422,162,3,896
160,3,-2,312,430,10,148,897
164,148,-2,232,234,210,3,898
3,58,-2,331,484,3,42,899
158,3,-2,312,373,10,148,900
3,130,-2,375,396,210,3,901
3,58,-2,511,865,162,3,902
158,3,-2,310,397,10,148,903
3,58,-2,331,485,3,42,904
3,58,-2,265,347,210,3,905
3,58,-2,215,291,162,3,906
3,58,-2,506,1012,10,148,907
3,130,-2,178,207,162,148,908
3,130,-2,375,401,210,3,909
158,3,-2,195,212,3,40,910
3,128,-2,375,472,210,3,911
158,3,-2,217,278,162,3,912
3,56,-2,33,39,3,42,913
164,148,-2,232,232,210,3,914
3,58,-2,215,305,162,3,915
160,3,-2,312,354,10,148,916
3,128,-2,331,451,162,3,917
3,130,-2,121,131,105,148,918
208,3,-2,304,371,162,148,919
3,128,-2,331,455,162,3,920
158,3,-2,195,213,3,40,921
3,130,-2,375,407,210,3,922
12,148,-2,131,155,3,42,923
164,148,-2,232,233,210,3,924
160,3,-2,215,261,162,3,925
3,128,-2,488,647,10,148,926
160,3,-2,195,197,3,40,927
3,58,-2,215,317,162,3,928
160,3,-2,542,922,10,148,929
160,3,-2,263,329,210,3,930
158,3,-2,312,366,10,148,931
3,58,-2,199,265,105,148,932
3,58,-2,265,352,210,3,933
3,128,-2,331,452,162,3,934
3,58,-2,1080,1556,10,148,935
3,128,-2,444,603,3,42,936
158,3,-2,367,453,162,3,937
208,3,-2,360,425,10,148,938
3,130,-2,375,408,210,3,939
3,58,-2,349,661,162,3,940
160,3,-2,258,333,162,148,941
3,128,-2,375,470,210,3,942
160,3,-2,215,292,162,3,943
208,3,-2,243,299,3,40,944
208,3,-2,307,365,210,3,945
3,58,-2,215,338,162,3,946
3,58,-2,506,1001,10,148,947
160,3,-2,639,1044,210,3,948
3,128,-2,488,642,10,148,949
3,58,-2,331,561,3,42,950
3,128,-2,507,715,210,3,951
3,128,-2,331,447,162,3,952
208,3,-2,360,432,10,148,953
160,3,-2,195,195,3,40,954
3,128,-2,621,971,162,3,955
158,3,-2,265,384,210,3,956
3,58,-2,507,898,162,3,957
3,128,-2,488,641,10,148,958
3,128,-2,434,549,162,148,959
208,3,-2,243,299,3,40,960
3,130,-2,383,417,210,3,961
3,58,-2,512,1046,10,148,962
3,128,-2,123,132,105,148,963
3,58,-2,457,897,210,3,964
158,3,-2,193,238,3,40,965
158,3,-2,333,465,3,42,966
158,3,-2,312,361,10,148,967
3,56,-2,261,307,210,3,968
208,3,-2,360,428,10,148,969
3,56,-2,261,307,210,3,970
3,128,-2,123,144,105,148,971
3,130,-2,178,214,162,148,972
158,3,-2,544,957,10,148,973
3,58,-2,265,383,210,3,974
158,3,-2,312,360,10,148,975
164,148,-2,232,234,210,3,976
3,58,-2,345,653,162,3,977
3,128,-2,488,644,10,148,978
164,148,-2,232,236,210,3,979
160,3,-2,312,334,10,148,980
3,128,-2,434,540,162,148,981
3,58,-2,639,1189,210,3,982
164,148,-2,486,808,162,3,983
164,148,-2,232,237,210,3,984
208,3,-2,360,441,10,148,985
158,3,-2,205,249,105,148,986
160,3,-2,195,230,3,40,987
158,3,-2,312,372,10,148,988
3,56,-2,33,41,3,42,989
160,3,-2,312,515,10,148,990
160,3,-2,268,468,3,42,991
164,148,-2,232,238,210,3,992
3,58,-2,215,349,162,3,993
158,3,-2,312,372,10,148,994
3,58,-2,461,887,3,42,995
164,148,-2,232,238,210,3,996
12,148,-2,311,398,162,3,997
158,3,-2,193,239,3,40,998
160,3,-2,263,427,210,3,999
3,130,-2,375,401,210,3,1000
3,58,-2,507,891,162,3,1001
158,3,-2,312,374,10,148,1002
3,58,-2,389,739,3,40,1003
3,130,-2,383,425,210,3,1004
3,58,-2,304,379,10,148,1005
3,128,-2,621,980,162,3,1006
158,3,-2,262,352,162,148,1007
3,130,-2,375,404,210,3,1008
3,128,-2,331,536,162,3,1009
3,58,-2,304,381,10,148,1010
3,130,-2,121,125,105,148,1011
3,56,-2,261,334,210,3,1012
3,58,-2,389,716,3,40,1013
3,128,-2,488,659,10,148,1014
3,130,-2,121,127,105,148,1015
160,3,-2,195,244,3,40,1016
164,148,-2,232,247,210,3,1017
3,56,-2,442,507,162,3,1018
3,128,-2,488,660,10,148,1019
158,3,-2,333,636,3,42,1020
158,3,-2,265,397,210,3,1021
208,3,-2,360,431,10,148,1022
208,3,-2,307,412,210,3,1023
3,128,-2,331,475,162,3,1024
3,58,-2,304,378,10,148,1025
12,148,-2,131,174,3,42,1026
3,130,-2,375,404,210,3,1027
164,148,-2,232,245,210,3,1028
3,58,-2,409,885,162,3,1029
3,128,-2,488,668,10,148,1030
164,148,-2,232,246,210,3,1031
160,3,-2,258,328,162,148,1032
12,148,-2,311,405,162,3,1033
3,130,-2,375,403,210,3,1034
160,3,-2,195,201,3,40,1035
3,130,-2,375,403,210,3,1036
12,148,-2,131,170,3,42,1037
3,56,-2,213,267,162,3,1038
3,128,-2,488,664,10,148,1039
3,56,-2,213,268,162,3,1040
164,148,-2,232,243,210,3,1041
3,58,-2,409,967,162,3,1042
3,58,-2,304,405,10,148,1043
164,148,-2,232,243,210,3,1044
160,3,-2,215,325,162,3,1045
3,130,-2,121,166,105,148,1046
208,3,-2,243,292,3,40,1047
3,58,-2,331,681,3,42,1048
208,3,-2,243,282,210,3,1049
160,3,-2,215,326,162,3,1050
158,3,-2,205,280,105,148,1051
3,58,-2,256,330,162,148,1052
208,3,-2,243,303,3,40,1053
12,148,-2,131,179,3,42,1054
164,148,-2,232,242,210,3,1055
3,128,-2,681,1046,3,40,1056
3,128,-2,621,1007,162,3,1057
158,3,-2,265,421,210,3,1058
12,148,-2,131,192,3,42,1059
164,148,-2,232,238,210,3,1060
12,148,-2,311,391,162,3,1061
3,58,-2,199,285,105,148,1062
158,3,-2,262,361,162,148,1063
158,3,-2,193,220,3,40,1064
3,56,-2,33,73,3,42,1065
3,56,-2,213,262,162,3,1066
3,58,-2,265,415,210,3,1067
12,148,-2,311,372,162,3,1068
208,3,-2,360,416,10,148,1069
164,148,-2,438,822,210,3,1070
3,58,-2,507,973,162,3,1071
3,58,-2,304,360,10,148,1072
3,58,-2,265,421,210,3,1073
12,148,-2,687,1093,162,3,1074
3,58,-2,440,557,162,3,1075
3,128,-2,445,673,3,42,1076
3,58,-2,463,979,210,3,1077
3,58,-2,215,500,162,3,1078
3,56,-2,306,335,10,148,1079
3,58,-2,401,867,105,148,1080
158,3,-2,262,357,162,148,1081
208,3,-2,243,310,3,40,1082
3,56,-2,33,80,3,42,1083
158,3,-2,641,1079,210,3,1084
160,3,-2,312,505,10,148,1085
160,3,-2,268,499,3,42,1086
3,58,-2,265,438,210,3,1087
164,148,-2,310,386,3,42,1088
3,130,-2,375,389,210,3,1089
12,148,-2,311,384,162,3,1090
158,3,-2,193,221,3,40,1091
3,58,-2,531,997,3,42,1092
12,148,-2,311,385,162,3,1093
3,128,-2,488,662,10,148,1094
12,148,-2,311,385,162,3,1095
3,58,-2,199,277,105,148,1096
3,58,-2,265,436,210,3,1097
3,130,-2,533,981,162,3,1098
158,3,-2,312,369,10,148,1099
3,56,-2,262,330,3,42,1100
3,58,-2,393,778,210,3,1101
160,3,-2,201,271,105,148,1102
3,58,-2,265,439,210,3,1103
3,130,-2,629,1001,162,3,1104
208,3,-2,505,885,3,42,1105
3,128,-2,817,1165,162,3,1106
158,3,-2,312,366,10,148,1107
160,3,-2,195,255,3,40,1108
160,3,-2,263,429,210,3,1109
3,58,-2,260,360,3,42,1110
3,58,-2,265,478,210,3,1111
3,58,-2,393,796,210,3,1112
160,3,-2,312,494,10,148,1113
12,148,-2,131,195,3,42,1114
3,58,-2,265,486,210,3,1115
208,3,-2,360,403,10,148,1116
3,128,-2,375,499,210,3,1117
158,3,-2,265,411,210,3,1118
3,58,-2,395,851,105,148,1119
3,130,-2,178,193,162,148,1120
208,3,-2,243,307,3,40,1121
12,148,-2,131,168,3,42,1122
160,3,-2,312,329,10,148,1123
3,128,-2,375,498,210,3,1124
158,3,-2,312,365,10,148,1125
208,3,-2,307,408,210,3,1126
3,128,-2,331,510,162,3,1127
3,128,-2,488,654,10,148,1128
160,3,-2,195,248,3,40,1129
3,58,-2,427,771,210,3,1130
3,58,-2,389,719,3,40,1131
208,3,-2,304,373,162,148,1132
164,148,-2,232,232,210,3,1133
3,130,-2,629,994,162,3,1134
160,3,-2,312,527,10,148,1135
12,148,-2,131,197,3,42,1136
12,148,-2,311,367,162,3,1137
158,3,-2,312,364,10,148,1138
3,128,-2,375,509,210,3,1139
160,3,-2,507,837,162,3,1140
208,3,-2,360,419,10,148,1141
3,56,-2,33,119,3,42,1142
164,148,-2,232,232,210,3,1143
3,56,-2,33,83,3,42,1144
3,130,-2,375,380,210,3,1145
3,128,-2,621,985,162,3,1146
3,56,-2,33,83,3,42,1147
158,3,-2,265,405,210,3,1148
160,3,-2,312,338,10,148,1149
3,58,-2,199,264,105,148,1150
3,58,-2,389,750,3,40,1151
3,58,-2,260,432,3,42,1152
3,128,-2,375,520,210,3,1153
3,58,-2,199,265,105,148,1154
3,128,-2,375,522,210,3,1155
12,148,-2,311,371,162,3,1156
12,148,-2,605,1065,210,3,1157
208,3,-2,496,558,162,3,1158
158,3,-2,312,372,10,148,1159
3,128,-2,598,781,162,148,1160
208,3,-2,243,313,3,40,1161
158,3,-2,195,199,3,40,1162
3,128,-2,375,525,210,3,1163
3,58,-2,511,974,162,3,1164
3,58,-2,199,261,105,148,1165
160,3,-2,495,956,3,42,1166
3,58,-2,512,960,10,148,1167
160,3,-2,201,325,105,148,1168
3,130,-2,375,380,210,3,1169
3,128,-2,693,1123,105,148,1170
160,3,-2,263,425,210,3,1171
164,148,-2,240,242,210,3,1172
3,58,-2,304,425,10,148,1173
164,148,-2,232,232,210,3,1174
208,3,-2,243,315,210,3,1175
3,128,-2,621,1000,162,3,1176
3,58,-2,389,837,3,40,1177
3,130,-2,375,377,210,3,1178
3,128,-2,507,807,210,3,1179
158,3,-2,195,197,3,40,1180
3,128,-2,598,774,162,148,1181
3,130,-2,339,403,162,3,1182
208,3,-2,360,417,10,148,1183
3,130,-2,121,147,105,148,1184
3,130,-2,375,389,210,3,1185
158,3,-2,644,993,162,3,1186
12,148,-2,131,178,3,42,1187
3,58,-2,393,788,210,3,1188
208,3,-2,259,400,162,3,1189
3,56,-2,306,357,10,148,1190
158,3,-2,527,1043,105,148,1191
164,148,-2,232,236,210,3,1192
3,128,-2,621,994,162,3,1193
208,3,-2,360,422,10,148,1194
12,148,-2,131,185,3,42,1195
208,3,-2,551,909,162,3,1196
160,3,-2,312,500,10,148,1197
158,3,-2,333,603,3,42,1198
164,148,-2,240,240,210,3,1199
3,128,-2,434,585,162,148,1200
3,130,-2,383,397,210,3,1201
3,58,-2,304,424,10,148,1202
3,58,-2,256,402,162,148,1203
3,128,-2,375,509,210,3,1204
12,148,-2,851,1205,162,3,1205
158,3,-2,193,231,3,40,1206
208,3,-2,307,413,210,3,1207
3,128,-2,180,188,162,148,1208
208,3,-2,243,301,3,40,1209
208,3,-2,243,301,3,40,1210
3,128,-2,624,767,162,3,1211
3,130,-2,513,690,3,40,1212
158,3,-2,265,532,210,3,1213
12,148,-2,311,355,162,3,1214
3,128,-2,488,642,10,148,1215
164,148,-2,232,234,210,3,1216
3,58,-2,511,973,162,3,1217
164,148,-2,232,237,210,3,1218
160,3,-2,195,244,3,40,1219
3,130,-2,375,394,210,3,1220
12,148,-2,395,611,162,3,1221
164,148,-2,232,238,210,3,1222
3,128,-2,375,535,210,3,1223
158,3,-2,509,856,162,3,1224
12,148,-2,311,352,162,3,1225
158,3,-2,310,548,10,148,1226
158,3,-2,205,305,105,148,1227
164,148,-2,232,236,210,3,1228
3,58,-2,506,1016,10,148,1229
3,56,-2,33,55,3,42,1230
3,130,-2,375,391,210,3,1231
3,128,-2,624,760,162,3,1232
3,130,-2,375,391,210,3,1233
3,58,-2,215,514,162,3,1234
158,3,-2,310,547,10,148,1235
208,3,-2,304,357,162,148,1236
3,130,-2,375,392,210,3,1237
3,130,-2,178,191,162,148,1238
3,58,-2,265,497,210,3,1239
12,148,-2,311,352,162,3,1240
158,3,-2,312,381,10,148,1241
208,3,-2,304,362,162,148,1242
164,148,-2,232,243,210,3,1243
158,3,-2,639,1033,162,3,1244
160,3,-2,312,482,10,148,1245
158,3,-2,193,217,3,40,1246
12,148,-2,131,165,3,42,1247
208,3,-2,307,512,210,3,1248
12,148,-2,311,361,162,3,1249
160,3,-2,312,379,10,148,1250
160,3,-2,263,439,210,3,1251
3,58,-2,488,748,162,148,1252
160,3,-2,263,442,210,3,1253
12,148,-2,311,362,162,3,1254
158,3,-2,310,559,10,148,1255
3,58,-2,655,1061,3,42,1256
3,130,-2,375,388,210,3,1257
12,148,-2,311,364,162,3,1258
3,128,-2,180,198,162,148,1259
3,128,-2,445,637,3,42,1260
160,3,-2,263,466,210,3,1261
3,128,-2,621,981,162,3,1262
3,58,-2,544,805,10,148,1263
3,130,-2,375,387,210,3,1264
158,3,-2,312,377,10,148,1265
3,58,-2,199,263,105,148,1266
3,56,-2,33,72,3,42,1267
164,148,-2,232,238,210,3,1268
3,128,-2,624,796,162,3,1269
158,3,-2,310,556,10,148,1270
3,130,-2,375,392,210,3,1271
3,56,-2,306,336,10,148,1272
3,58,-2,260,400,3,42,1273
164,148,-2,232,238,210,3,1274
3,58,-2,221,513,162,3,1275
3,58,-2,512,932,10,148,1276
3,58,-2,335,707,3,42,1277
164,148,-2,232,244,210,3,1278
12,148,-2,131,217,3,42,1279
164,148,-2,232,249,210,3,1280
158,3,-2,205,330,105,148,1281
158,3,-2,193,264,3,40,1282
3,58,-2,331,698,3,42,1283
164,148,-2,232,250,210,3,1284
3,128,-2,331,528,162,3,1285
3,128,-2,756,1019,210,3,1286
160,3,-2,215,457,162,3,1287
160,3,-2,542,916,10,148,1288
164,148,-2,232,251,210,3,1289
164,148,-2,232,252,210,3,1290
208,3,-2,360,384,10,148,1291
3,130,-2,375,385,210,3,1292
164,148,-2,232,254,210,3,1293
208,3,-2,360,385,10,148,1294
160,3,-2,263,453,210,3,1295
3,56,-2,258,288,162,148,1296
158,3,-2,312,370,10,148,1297
3,130,-2,375,386,210,3,1298
3,56,-2,306,322,10,148,1299
164,148,-2,240,272,210,3,1300
158,3,-2,644,952,162,3,1301
208,3,-2,243,299,3,40,1302
12,148,-2,131,219,3,42,1303
3,130,-2,375,388,210,3,1304
160,3,-2,195,198,3,40,1305
12,148,-2,131,206,3,42,1306
158,3,-2,310,542,10,148,1307
208,3,-2,304,353,162,148,1308
3,128,-2,488,631,10,148,1309
208,3,-2,304,359,162,148,1310
12,148,-2,311,376,162,3,1311
158,3,-2,312,367,10,148,1312
158,3,-2,195,220,3,40,1313
3,130,-2,375,385,210,3,1314
12,148,-2,311,348,162,3,1315
160,3,-2,258,457,162,148,1316
3,128,-2,624,774,162,3,1317
158,3,-2,397,832,105,148,1318
3,128,-2,375,531,210,3,1319
12,148,-2,311,347,162,3,1320
158,3,-2,544,891,10,148,1321
3,130,-2,121,126,105,148,1322
3,58,-2,335,690,3,42,1323
3,58,-2,265,510,210,3,1324
3,128,-2,621,956,162,3,1325
3,128,-2,488,631,10,148,1326
3,130,-2,121,129,105,148,1327
208,3,-2,437,781,210,3,1328
12,148,-2,311,347,162,3,1329
3,128,-2,488,634,10,148,1330
160,3,-2,195,208,3,40,1331
164,148,-2,232,255,210,3,1332
160,3,-2,678,898,162,3,1333
3,58,-2,265,509,210,3,1334
12,148,-2,311,347,162,3,1335
12,148,-2,383,553,105,148,1336
3,128,-2,434,584,162,148,1337
12,148,-2,311,347,162,3,1338
160,3,-2,312,360,10,148,1339
3,130,-2,375,380,210,3,1340
158,3,-2,446,619,162,3,1341
160,3,-2,195,292,3,40,1342
3,128,-2,507,809,210,3,1343
3,58,-2,507,952,162,3,1344
12,148,-2,311,358,162,3,1345
3,128,-2,488,628,10,148,1346
208,3,-2,437,775,210,3,1347
3,58,-2,507,959,162,3,1348
3,128,-2,488,630,10,148,1349
158,3,-2,193,252,3,40,1350
3,128,-2,445,663,3,42,1351
12,148,-2,311,358,162,3,1352
3,56,-2,33,100,3,42,1353
3,58,-2,507,963,162,3,1354
3,58,-2,506,914,10,148,1355
158,3,-2,193,256,3,40,1356
3,128,-2,375,545,210,3,1357
3,128,-2,331,499,162,3,1358
3,56,-2,33,99,3,42,1359
3,130,-2,121,133,105,148,1360
160,3,-2,195,202,3,40,1361
208,3,-2,307,468,210,3,1362
3,128,-2,375,546,210,3,1363
3,58,-2,511,987,162,3,1364
12,148,-2,131,230,3,42,1365
3,58,-2,265,556,210,3,1366
3,58,-2,820,1072,162,3,1367
160,3,-2,195,289,3,40,1368
3,130,-2,375,379,210,3,1369
3,128,-2,488,623,10,148,1370
164,148,-2,232,246,210,3,1371
12,148,-2,131,255,3,42,1372
12,148,-2,311,379,162,3,1373
160,3,-2,195,212,3,40,1374
3,58,-2,331,673,3,42,1375
3,130,-2,375,379,210,3,1376
3,58,-2,511,1002,162,3,1377
12,148,-2,311,380,162,3,1378
158,3,-2,506,636,3,40,1379
3,58,-2,260,456,3,42,1380
3,58,-2,265,564,210,3,1381
3,58,-2,221,473,162,3,1382
12,148,-2,131,223,3,42,1383
164,148,-2,232,242,210,3,1384
3,128,-2,488,624,10,148,1385
3,56,-2,329,542,3,42,1386
3,56,-2,261,501,210,3,1387
3,58,-2,512,873,10,148,1388
3,58,-2,304,382,10,148,1389
3,58,-2,221,474,162,3,1390
3,128,-2,488,624,10,148,1391
3,58,-2,260,388,3,42,1392
158,3,-2,265,512,210,3,1393
3,128,-2,621,1021,162,3,1394
3,58,-2,256,376,162,148,1395
158,3,-2,195,238,3,40,1396
164,148,-2,310,455,3,42,1397
158,3,-2,641,973,210,3,1398
12,148,-2,311,406,162,3,1399
158,3,-2,262,504,162,148,1400
208,3,-2,243,297,3,40,1401
3,128,-2,375,537,210,3,1402
160,3,-2,201,401,105,148,1403
160,3,-2,195,305,3,40,1404
3,128,-2,488,623,10,148,1405
208,3,-2,243,298,3,40,1406
3,58,-2,331,683,3,42,1407
164,148,-2,232,235,210,3,1408
208,3,-2,243,300,3,40,1409
12,148,-2,131,223,3,42,1410
3,130,-2,375,383,210,3,1411
208,3,-2,489,902,162,3,1412
3,128,-2,568,899,162,148,1413
12,148,-2,311,404,162,3,1414
3,130,-2,121,126,105,148,1415
208,3,-2,360,364,10,148,1416
3,130,-2,375,381,210,3,1417
3,128,-2,926,1325,162,148,1418
3,56,-2,261,489,210,3,1419
3,58,-2,507,1020,162,3,1420
160,3,-2,258,420,162,148,1421
3,58,-2,221,544,162,3,1422
158,3,-2,193,279,3,40,1423
3,130,-2,375,383,210,3,1424
12,148,-2,311,404,162,3,1425
3,128,-2,488,617,10,148,1426
164,148,-2,232,232,210,3,1427
12,148,-2,311,406,162,3,1428
3,58,-2,304,388,10,148,1429
164,148,-2,232,232,210,3,1430
12,148,-2,311,411,162,3,1431
3,130,-2,375,382,210,3,1432
3,58,-2,507,1020,162,3,1433
3,58,-2,700,1052,10,148,1434
3,58,-2,567,1033,3,40,1435
3,58,-2,331,823,3,42,1436
3,58,-2,507,1022,162,3,1437
158,3,-2,454,833,162,148,1438
3,58,-2,331,749,3,42,1439
164,148,-2,232,233,210,3,1440
3,56,-2,201,233,105,148,1441
3,58,-2,331,750,3,42,1442
12,148,-2,311,409,162,3,1443
208,3,-2,360,368,10,148,1444
164,148,-2,506,856,3,42,1445
3,130,-2,375,382,210,3,1446
3,128,-2,624,748,162,3,1447
158,3,-2,312,332,10,148,1448
3,58,-2,215,517,162,3,1449
3,58,-2,199,318,105,148,1450
208,3,-2,313,711,3,42,1451
3,58,-2,199,322,105,148,1452
3,128,-2,445,841,3,42,1453
208,3,-2,360,370,10,148,1454
3,128,-2,681,1047,3,40,1455
164,148,-2,232,236,210,3,1456
158,3,-2,312,332,10,148,1457
3,128,-2,507,859,210,3,1458
12,148,-2,311,407,162,3,1459
3,58,-2,265,547,210,3,1460
3,128,-2,624,746,162,3,1461
3,58,-2,335,862,3,42,1462
3,130,-2,375,380,210,3,1463
12,148,-2,311,407,162,3,1464
158,3,-2,193,276,3,40,1465
12,148,-2,511,932,3,42,1466
208,3,-2,243,301,210,3,1467
3,130,-2,689,1052,3,40,1468
3,58,-2,335,877,3,42,1469
3,58,-2,265,545,210,3,1470
158,3,-2,509,908,162,3,1471
3,58,-2,506,869,10,148,1472
208,3,-2,243,425,3,40,1473
158,3,-2,217,486,162,3,1474
208,3,-2,304,317,162,148,1475
3,128,-2,375,546,210,3,1476
3,58,-2,215,531,162,3,1477
208,3,-2,304,319,162,148,1478
158,3,-2,509,909,162,3,1479
3,128,-2,488,610,10,148,1480
208,3,-2,304,322,162,148,1481
3,130,-2,375,375,210,3,1482
3,58,-2,215,544,162,3,1483
3,58,-2,331,807,3,42,1484
160,3,-2,263,522,210,3,1485
3,128,-2,621,1013,162,3,1486
158,3,-2,312,330,10,148,1487
3,128,-2,434,559,162,148,1488
208,3,-2,243,425,3,40,1489
3,128,-2,488,609,10,148,1490
3,128,-2,445,876,3,42,1491
3,58,-2,463,955,210,3,1492
164,148,-2,196,220,162,3,1493
3,130,-2,375,376,210,3,1494
3,58,-2,215,542,162,3,1495
3,128,-2,375,527,210,3,1496
3,128,-2,624,740,162,3,1497
164,148,-2,232,236,210,3,1498
160,3,-2,258,395,162,148,1499
164,148,-2,240,246,210,3,1500
12,148,-2,311,396,162,3,1501
3,58,-2,265,539,210,3,1502
3,130,-2,383,390,210,3,1503
3,130,-2,662,722,10,148,1504
3,56,-2,201,236,105,148,1505
3,128,-2,598,739,162,148,1506
3,58,-2,265,559,210,3,1507
3,58,-2,511,997,162,3,1508
160,3,-2,312,327,10,148,1509
3,56,-2,258,277,162,148,1510
3,128,-2,488,607,10,148,1511
158,3,-2,395,864,210,3,1512
158,3,-2,312,334,10,148,1513
3,130,-2,375,378,210,3,1514
158,3,-2,544,817,10,148,1515
164,148,-2,232,232,210,3,1516
3,128,-2,434,568,162,148,1517
3,130,-2,375,379,210,3,1518
158,3,-2,509,902,162,3,1519
3,128,-2,434,571,162,148,1520
164,148,-2,232,233,210,3,1521
12,148,-2,311,417,162,3,1522
160,3,-2,312,343,10,148,1523
3,58,-2,199,300,105,148,1524
3,130,-2,375,379,210,3,1525
3,58,-2,511,991,162,3,1526
158,3,-2,446,582,162,3,1527
160,3,-2,312,476,10,148,1528
3,58,-2,199,323,105,148,1529
208,3,-2,304,312,162,148,1530
160,3,-2,312,342,10,148,1531
160,3,-2,201,379,105,148,1532
3,128,-2,375,527,210,3,1533
160,3,-2,312,485,10,148,1534
3,58,-2,265,569,210,3,1535
3,58,-2,215,529,162,3,1536
160,3,-2,195,330,3,40,1537
3,58,-2,331,762,3,42,1538
3,128,-2,488,610,10,148,1539
3,128,-2,511,836,105,148,1540
158,3,-2,193,279,3,40,1541
3,58,-2,265,576,210,3,1542
3,58,-2,511,988,162,3,1543
3,130,-2,375,379,210,3,1544
3,56,-2,213,443,162,3,1545
208,3,-2,307,730,210,3,1546
3,128,-2,796,1123,162,148,1547
3,56,-2,261,678,210,3,1548
158,3,-2,488,816,162,148,1549
3,58,-2,265,607,210,3,1550
160,3,-2,201,365,105,148,1551
164,148,-2,240,292,210,3,1552
158,3,-2,312,324,10,148,1553
3,128,-2,445,834,3,42,1554
158,3,-2,265,694,210,3,1555
3,128,-2,507,968,210,3,1556
160,3,-2,312,336,10,148,1557
12,148,-2,311,416,162,3,1558
3,58,-2,304,382,10,148,1559
208,3,-2,304,311,162,148,1560
158,3,-2,508,779,10,148,1561
3,128,-2,375,570,210,3,1562
208,3,-2,489,866,162,3,1563
3,130,-2,375,376,210,3,1564
3,58,-2,511,979,162,3,1565
208,3,-2,360,374,10,148,1566
158,3,-2,312,327,10,148,1567
208,3,-2,243,391,3,40,1568
3,130,-2,375,375,210,3,1569
12,148,-2,311,414,162,3,1570
160,3,-2,312,459,10,148,1571
3,58,-2,199,307,105,148,1572
208,3,-2,243,392,3,40,1573
164,148,-2,232,235,210,3,1574
3,56,-2,213,431,162,3,1575
3,128,-2,488,614,10,148,1576
158,3,-2,193,285,3,40,1577
3,58,-2,265,601,210,3,1578
12,148,-2,311,432,162,3,1579
160,3,-2,258,439,162,148,1580
3,58,-2,463,954,210,3,1581
164,148,-2,232,237,210,3,1582
3,130,-2,576,837,162,148,1583
158,3,-2,265,691,210,3,1584
158,3,-2,509,885,162,3,1585
158,3,-2,312,344,10,148,1586
12,148,-2,311,417,162,3,1587
164,148,-2,232,236,210,3,1588
158,3,-2,312,344,10,148,1589
164,148,-2,232,242,210,3,1590
3,58,-2,512,867,10,148,1591
3,58,-2,256,341,162,148,1592
3,58,-2,215,530,162,3,1593
164,148,-2,232,242,210,3,1594
3,58,-2,506,874,10,148,1595
3,130,-2,375,379,210,3,1596
12,148,-2,311,428,162,3,1597
3,130,-2,375,382,210,3,1598
3,130,-2,375,383,210,3,1599
3,58,-2,215,622,162,3,1600
3,58,-2,331,736,3,42,1601
164,148,-2,232,240,210,3,1602
12,148,-2,311,439,162,3,1603
160,3,-2,312,358,10,148,1604
164,148,-2,232,247,210,3,1605
3,58,-2,331,763,3,42,1606
3,58,-2,221,595,162,3,1607
158,3,-2,312,353,10,148,1608
158,3,-2,193,271,3,40,1609
164,148,-2,232,251,210,3,1610
160,3,-2,312,356,10,148,1611
3,128,-2,434,562,162,148,1612
164,148,-2,240,323,210,3,1613
3,58,-2,215,540,162,3,1614
164,148,-2,240,325,210,3,1615
3,128,-2,624,721,162,3,1616
3,58,-2,395,868,105,148,1617
164,148,-2,232,252,210,3,1618
3,58,-2,215,595,162,3,1619
160,3,-2,312,455,10,148,1620
3,42,-2,199,248,162,3,1621
3,128,-2,488,614,10,148,1622
164,148,-2,232,256,210,3,1623
3,42,-2,199,249,162,3,1624
3,128,-2,488,614,10,148,1625
208,3,-2,243,461,3,40,1626
3,58,-2,331,785,3,42,1627
158,3,-2,193,274,3,40,1628
3,58,-2,331,786,3,42,1629
160,3,-2,263,637,210,3,1630
160,3,-2,312,348,10,148,1631
12,148,-2,311,431,162,3,1632
3,42,-2,199,245,162,3,1633
208,3,-2,360,392,10,148,1634
160,3,-2,263,640,210,3,1635
3,42,-2,199,246,162,3,1636
160,3,-2,312,344,10,148,1637
3,58,-2,256,327,162,148,1638
12,148,-2,511,876,3,42,1639
3,128,-2,375,552,210,3,1640
160,3,-2,312,345,10,148,1641
208,3,-2,243,456,3,40,1642
158,3,-2,265,663,210,3,1643
3,42,-2,199,245,162,3,1644
160,3,-2,201,401,105,148,1645
3,128,-2,445,811,3,42,1646
208,3,-2,307,717,210,3,1647
12,148,-2,311,428,162,3,1648
208,3,-2,243,455,3,40,1649
160,3,-2,263,637,210,3,1650
164,148,-2,196,274,162,3,1651
3,128,-2,801,1031,10,148,1652
3,130,-2,375,377,210,3,1653
3,128,-2,488,618,10,148,1654
3,128,-2,434,558,162,148,1655
164,148,-2,310,665,3,42,1656
3,42,-2,199,243,162,3,1657
158,3,-2,459,844,210,3,1658
3,42,-2,199,244,162,3,1659
12,148,-2,371,503,3,40,1660
164,148,-2,232,247,210,3,1661
12,148,-2,311,425,162,3,1662
208,3,-2,360,475,10,148,1663
160,3,-2,201,397,105,148,1664
3,130,-2,375,375,210,3,1665
3,42,-2,199,249,162,3,1666
3,58,-2,544,807,10,148,1667
3,128,-2,375,546,210,3,1668
3,128,-2,488,614,10,148,1669
3,58,-2,452,873,162,148,1670
158,3,-2,333,684,3,42,1671
3,130,-2,375,375,210,3,1672
3,58,-2,221,641,162,3,1673
3,128,-2,488,614,10,148,1674
3,128,-2,821,1175,3,42,1675
3,130,-2,375,375,210,3,1676
3,58,-2,215,575,162,3,1677
3,58,-2,265,563,210,3,1678
158,3,-2,262,428,162,148,1679
208,3,-2,243,449,3,40,1680
3,58,-2,265,563,210,3,1681
3,56,-2,213,407,162,3,1682
160,3,-2,542,755,10,148,1683
160,3,-2,258,417,162,148,1684
208,3,-2,243,315,210,3,1685
12,148,-2,311,426,162,3,1686
158,3,-2,312,331,10,148,1687
158,3,-2,262,431,162,148,1688
3,56,-2,213,409,162,3,1689
160,3,-2,312,336,10,148,1690
12,148,-2,311,426,162,3,1691
164,148,-2,232,240,210,3,1692
12,148,-2,311,432,162,3,1693
158,3,-2,312,338,10,148,1694
164,148,-2,232,242,210,3,1695
3,42,-2,199,253,162,3,1696
160,3,-2,201,388,105,148,1697
3,130,-2,375,378,210,3,1698
3,42,-2,199,257,162,3,1699
158,3,-2,310,444,10,148,1700
158,3,-2,265,646,210,3,1701
12,148,-2,311,431,162,3,1702
3,128,-2,488,613,10,148,1703
160,3,-2,258,412,162,148,1704
3,130,-2,375,383,210,3,1705
3,42,-2,199,265,162,3,1706
164,148,-2,232,241,210,3,1707
208,3,-2,259,622,162,3,1708
160,3,-2,312,339,10,148,1709
3,58,-2,199,270,105,148,1710
3,130,-2,375,386,210,3,1711
158,3,-2,310,462,10,148,1712
158,3,-2,262,418,162,148,1713
164,148,-2,232,241,210,3,1714
3,128,-2,488,624,10,148,1715
158,3,-2,193,307,3,40,1716
3,128,-2,568,824,162,148,1717
208,3,-2,243,440,3,40,1718
164,148,-2,232,240,210,3,1719
3,42,-2,199,286,162,3,1720
208,3,-2,243,310,210,3,1721
3,42,-2,199,261,162,3,1722
3,130,-2,375,385,210,3,1723
158,3,-2,310,465,10,148,1724
158,3,-2,265,639,210,3,1725
158,3,-2,312,329,10,148,1726
3,130,-2,453,779,3,42,1727
208,3,-2,304,314,162,148,1728
3,128,-2,375,536,210,3,1729
3,42,-2,199,261,162,3,1730
158,3,-2,508,765,10,148,1731
164,148,-2,310,642,3,42,1732
3,130,-2,375,384,210,3,1733
158,3,-2,262,414,162,148,1734
3,130,-2,375,389,210,3,1735
3,128,-2,434,545,162,148,1736
164,148,-2,232,237,210,3,1737
160,3,-2,312,435,10,148,1738
160,3,-2,312,437,10,148,1739
164,148,-2,232,236,210,3,1740
208,3,-2,259,611,162,3,1741
208,3,-2,243,435,3,40,1742
3,130,-2,383,444,210,3,1743
3,42,-2,199,266,162,3,1744
12,148,-2,311,421,162,3,1745
158,3,-2,312,344,10,148,1746
208,3,-2,313,643,3,42,1747
3,42,-2,199,266,162,3,1748
208,3,-2,375,709,3,42,1749
3,130,-2,375,383,210,3,1750
12,148,-2,311,427,162,3,1751
158,3,-2,310,460,10,148,1752
158,3,-2,397,759,105,148,1753
3,58,-2,393,913,210,3,1754
3,42,-2,199,267,162,3,1755
3,58,-2,688,919,10,148,1756
160,3,-2,312,381,10,148,1757
164,148,-2,232,237,210,3,1758
164,148,-2,232,238,210,3,1759
160,3,-2,312,396,10,148,1760
160,3,-2,258,406,162,148,1761
164,148,-2,232,243,210,3,1762
3,42,-2,199,267,162,3,1763
3,128,-2,434,552,162,148,1764
158,3,-2,193,295,3,40,1765
3,58,-2,335,784,3,42,1766
3,58,-2,506,848,10,148,1767
208,3,-2,375,708,3,42,1768
12,148,-2,443,830,210,3,1769
160,3,-2,258,406,162,148,1770
208,3,-2,243,425,3,40,1771
3,130,-2,375,377,210,3,1772
3,58,-2,215,555,162,3,1773
3,128,-2,622,784,10,148,1774
158,3,-2,205,363,105,148,1775
3,130,-2,375,377,210,3,1776
3,128,-2,598,630,162,148,1777
3,58,-2,331,769,3,42,1778
164,148,-2,232,238,210,3,1779
158,3,-2,312,383,10,148,1780
3,58,-2,427,696,210,3,1781
158,3,-2,310,456,10,148,1782
208,3,-2,243,421,3,40,1783
208,3,-2,313,639,3,42,1784
3,58,-2,457,911,210,3,1785
3,58,-2,215,603,162,3,1786
3,128,-2,622,836,10,148,1787
3,130,-2,375,379,210,3,1788
158,3,-2,508,752,10,148,1789
208,3,-2,304,315,162,148,1790
164,148,-2,232,236,210,3,1791
3,128,-2,331,574,162,3,1792
3,128,-2,488,596,10,148,1793
160,3,-2,201,360,105,148,1794
3,58,-2,488,694,162,148,1795
3,128,-2,445,774,3,42,1796
164,148,-2,232,237,210,3,1797
3,42,-2,199,261,162,3,1798
164,148,-2,232,240,210,3,1799
158,3,-2,312,379,10,148,1800
3,128,-2,575,931,3,42,1801
158,3,-2,265,657,210,3,1802
208,3,-2,360,452,10,148,1803
158,3,-2,488,722,162,148,1804
164,148,-2,232,243,210,3,1805
3,130,-2,375,376,210,3,1806
3,42,-2,199,267,162,3,1807
160,3,-2,680,904,162,148,1808
158,3,-2,427,728,210,3,1809
12,148,-2,311,410,162,3,1810
208,3,-2,243,413,3,40,1811
12,148,-2,511,855,3,42,1812
3,128,-2,798,932,10,148,1813
208,3,-2,304,317,162,148,1814
164,148,-2,240,277,210,3,1815
3,42,-2,199,270,162,3,1816
158,3,-2,508,745,10,148,1817
158,3,-2,205,351,105,148,1818
3,130,-2,375,390,210,3,1819
3,42,-2,199,273,162,3,1820
3,58,-2,571,885,3,40,1821
3,128,-2,445,783,3,42,1822
160,3,-2,195,281,3,40,1823
160,3,-2,263,641,210,3,1824
3,42,-2,199,273,162,3,1825
158,3,-2,193,279,3,40,1826
158,3,-2,446,510,162,3,1827
158,3,-2,205,373,105,148,1828
158,3,-2,569,799,3,40,1829
3,58,-2,331,769,3,42,1830
164,148,-2,232,243,210,3,1831
208,3,-2,360,445,10,148,1832
3,128,-2,375,521,210,3,1833
3,130,-2,339,448,162,3,1834
158,3,-2,312,388,10,148,1835
160,3,-2,195,281,3,40,1836
158,3,-2,310,439,10,148,1837
160,3,-2,195,282,3,40,1838
158,3,-2,312,389,10,148,1839
3,58,-2,215,600,162,3,1840
160,3,-2,312,388,10,148,1841
3,128,-2,375,521,210,3,1842
12,148,-2,311,402,162,3,1843
160,3,-2,195,282,3,40,1844
164,148,-2,232,243,210,3,1845
12,148,-2,311,403,162,3,1846
164,148,-2,232,244,210,3,1847
164,148,-2,310,638,3,42,1848
164,148,-2,232,246,210,3,1849
3,42,-2,199,263,162,3,1850
158,3,-2,312,397,10,148,1851
208,3,-2,375,739,3,42,1852
3,130,-2,581,944,210,3,1853
3,130,-2,375,375,210,3,1854
3,130,-2,383,420,210,3,1855
3,130,-2,375,376,210,3,1856
3,58,-2,866,1035,10,148,1857
160,3,-2,263,625,210,3,1858
3,128,-2,488,574,10,148,1859
160,3,-2,579,787,105,148,1860
160,3,-2,381,691,162,3,1861
12,148,-2,488,638,10,148,1862
3,58,-2,215,565,162,3,1863
164,148,-2,519,595,10,148,1864
3,128,-2,375,513,210,3,1865
160,3,-2,263,637,210,3,1866
160,3,-2,215,457,162,3,1867
164,148,-2,438,813,210,3,1868
3,58,-2,215,568,162,3,1869
3,58,-2,488,602,162,148,1870
3,58,-2,265,513,210,3,1871
3,58,-2,215,569,162,3,1872
3,128,-2,488,568,10,148,1873
208,3,-2,243,269,210,3,1874
12,148,-2,311,391,162,3,1875
158,3,-2,310,423,10,148,1876
158,3,-2,265,639,210,3,1877
12,148,-2,311,391,162,3,1878
208,3,-2,360,431,10,148,1879
3,128,-2,375,524,210,3,1880
158,3,-2,312,383,10,148,1881
3,128,-2,445,764,3,42,1882
3,130,-2,375,375,210,3,1883
3,58,-2,383,594,162,3,1884
3,128,-2,434,556,162,148,1885
3,130,-2,375,375,210,3,1886
3,42,-2,199,250,162,3,1887
208,3,-2,243,379,3,40,1888
3,128,-2,331,534,162,3,1889
158,3,-2,310,420,10,148,1890
208,3,-2,243,379,3,40,1891
3,58,-2,335,758,3,42,1892
12,148,-2,311,387,162,3,1893
3,58,-2,331,771,3,42,1894
164,148,-2,232,233,210,3,1895
3,130,-2,339,424,162,3,1896
3,128,-2,654,735,10,148,1897
164,148,-2,232,238,210,3,1898
3,128,-2,445,809,3,42,1899
3,42,-2,199,248,162,3,1900
3,130,-2,630,809,10,148,1901
158,3,-2,265,631,210,3,1902
208,3,-2,199,284,162,3,1903
158,3,-2,312,376,10,148,1904
208,3,-2,243,375,3,40,1905
3,128,-2,445,811,3,42,1906
3,130,-2,375,377,210,3,1907
160,3,-2,215,447,162,3,1908
3,58,-2,265,548,210,3,1909
12,148,-2,311,382,162,3,1910
160,3,-2,312,372,10,148,1911
3,128,-2,375,513,210,3,1912
3,58,-2,331,796,3,42,1913
3,128,-2,375,513,210,3,1914
164,148,-2,196,272,162,3,1915
3,58,-2,331,783,3,42,1916
12,148,-2,756,1124,210,3,1917
3,128,-2,331,534,162,3,1918
3,130,-2,758,886,162,148,1919
3,58,-2,265,566,210,3,1920
158,3,-2,312,372,10,148,1921
3,130,-2,375,378,210,3,1922
158,3,-2,310,409,10,148,1923
208,3,-2,243,481,3,40,1924
12,148,-2,311,378,162,3,1925
160,3,-2,452,687,162,148,1926
3,58,-2,331,799,3,42,1927
3,130,-2,375,379,210,3,1928
164,148,-2,486,723,162,3,1929
3,128,-2,801,924,10,148,1930
160,3,-2,263,621,210,3,1931
3,56,-2,442,523,162,3,1932
160,3,-2,312,368,10,148,1933
160,3,-2,201,342,105,148,1934
3,130,-2,375,381,210,3,1935
208,3,-2,243,482,3,40,1936
3,58,-2,335,798,3,42,1937
3,130,-2,375,381,210,3,1938
12,148,-2,311,376,162,3,1939
3,130,-2,375,382,210,3,1940
158,3,-2,193,244,3,40,1941
208,3,-2,501,864,210,3,1942
3,128,-2,331,539,162,3,1943
208,3,-2,243,487,3,40,1944
3,130,-2,375,387,210,3,1945
3,130,-2,629,862,162,3,1946
164,148,-2,232,238,210,3,1947
160,3,-2,507,741,162,3,1948
158,3,-2,569,749,3,40,1949
3,58,-2,331,800,3,42,1950
158,3,-2,265,633,210,3,1951
208,3,-2,489,724,162,3,1952
3,130,-2,339,508,162,3,1953
158,3,-2,193,261,3,40,1954
158,3,-2,265,659,210,3,1955
3,58,-2,215,558,162,3,1956
3,58,-2,511,825,162,3,1957
158,3,-2,262,356,162,148,1958
208,3,-2,243,489,3,40,1959
3,130,-2,375,383,210,3,1960
12,148,-2,311,371,162,3,1961
158,3,-2,310,397,10,148,1962
208,3,-2,501,869,210,3,1963
3,58,-2,349,779,162,3,1964
158,3,-2,193,260,3,40,1965
3,58,-2,265,557,210,3,1966
158,3,-2,262,361,162,148,1967
3,58,-2,500,676,3,40,1968
164,148,-2,232,234,210,3,1969
12,148,-2,383,565,105,148,1970
208,3,-2,304,311,162,148,1971
3,128,-2,575,933,3,42,1972
3,128,-2,488,534,10,148,1973
3,58,-2,215,622,162,3,1974
160,3,-2,312,352,10,148,1975
3,58,-2,397,836,210,3,1976
3,58,-2,215,607,162,3,1977
158,3,-2,312,353,10,148,1978
158,3,-2,217,521,162,3,1979
3,58,-2,265,557,210,3,1980
208,3,-2,304,311,162,148,1981
208,3,-2,243,482,3,40,1982
3,58,-2,265,501,210,3,1983
3,58,-2,215,619,162,3,1984
208,3,-2,243,486,3,40,1985
3,130,-2,383,514,210,3,1986
158,3,-2,312,373,10,148,1987
3,128,-2,511,715,105,148,1988
160,3,-2,331,684,3,42,1989
3,128,-2,459,809,162,3,1990
208,3,-2,243,373,210,3,1991
3,130,-2,375,381,210,3,1992
12,148,-2,311,359,162,3,1993
158,3,-2,193,249,3,40,1994
3,128,-2,331,575,162,3,1995
158,3,-2,310,384,10,148,1996
158,3,-2,193,249,3,40,1997
160,3,-2,263,617,210,3,1998
12,148,-2,311,360,162,3,1999
3,128,-2,488,530,10,148,2000
